Workbook
Name _A65555: #REF!
Name namenlijst: Medewerker!$C$8:$C$107
Name TKWS: #REF!
Name _A65555: #REF!
Name _A65555: #REF!
Name _A65555: #REF!
Name TKWS: Ma!$B$13
Name _A65555: #REF!
Name TKWS: Di!$B$13
Name _A65555: #REF!
Name TKWS: Wo!$B$13
Name _A65555: #REF!
Name TKWS: Do!$B$13
Name _A65555: #REF!
Name TKWS: Vr!$B$13
Name _A65555: #REF!
Name TKWS: Za!$B$13
Name _A65555: #REF!
Name TKWS: Zo!$B$13
Name _A65555: #REF!
Name _A65555: #REF!

Sheet Werkschema - Instelling
E1: Exclusieve Dag | L1: Vaste tijd | S1: Exclusieve Dag Vergeleken | Z1: Volgorde | AA1: Rekentijd
A2: Omschrijving taak | B2: Afkorting | C2: Koppel | D2: Plustijd | E2: Ma | F2: Di | G2: Wo | H2: Do | I2: Vr | J2: Za | K2: Zo | L2: Ma | M2: Di | N2: Wo | O2: Do | P2: Vr | Q2: Za | R2: Zo | S2: Ma | T2: Di | U2: Wo | V2: Do | W2: Vr | X2: Za | Y2: Zo | AA2: Ma | AB2: Naam | AC2: Di | AD2: Naam | AE2: Wo | AF2: Naam | AG2: Do | AH2: Naam | AI2: Vr | AJ2: Naam | AK2: Za | AL2: Naam | AM2: Zo | AN2: Naam | AO2: Taak kopie | AP2: Afkorting kopie
A3: ='Aanpassen Werkschema'!B33 | B3: ='Aanpassen Werkschema'!C33 | C3: =IF('Aanpassen Werkschema'!D33="geplande taak",1,IF('Aanpassen Werkschema'!D33="openingstijd",2,IF('Aanpassen Werkschema'!D33="sluitingstijd",3,IF('Aanpassen Werkschema'!D33="vaste tijd",4,"")))) | D3: ='Aanpassen Werkschema'!E33 | E3: =IF('Aanpassen Werkschema'!F33="v","x","") | F3: =IF('Aanpassen Werkschema'!G33="v","x","") | G3: =IF('Aanpassen Werkschema'!H33="v","x","") | H3: =IF('Aanpassen Werkschema'!I33="v","x","") | I3: =IF('Aanpassen Werkschema'!J33="v","x","") | J3: =IF('Aanpassen Werkschema'!K33="v","x","") | K3: =IF('Aanpassen Werkschema'!L33="v","x","") | L3: =IF('Aanpassen Werkschema'!M33>0,'Aanpassen Werkschema'!M33,"") | M3: =IF('Aanpassen Werkschema'!N33>0,'Aanpassen Werkschema'!N33,"") | N3: =IF('Aanpassen Werkschema'!O33>0,'Aanpassen Werkschema'!O33,"") | O3: =IF('Aanpassen Werkschema'!P33>0,'Aanpassen Werkschema'!P33,"") | P3: =IF('Aanpassen Werkschema'!Q33>0,'Aanpassen Werkschema'!Q33,"") | Q3: =IF('Aanpassen Werkschema'!R33>0,'Aanpassen Werkschema'!R33,"") | R3: =IF('Aanpassen Werkschema'!S33>0,'Aanpassen Werkschema'!S33,"") | S3: =IF('Aanpassen Werkschema'!T33="x","",IF('Aanpassen Werkschema'!N33="v","x",IF(E3="","",IF(E3="x","x")))) | T3: =IF('Aanpassen Werkschema'!U33="x","",IF('Aanpassen Werkschema'!O33="v","x",IF(F3="","",IF(F3="x","x")))) | U3: =IF('Aanpassen Werkschema'!V33="x","",IF('Aanpassen Werkschema'!P33="v","x",IF(G3="","",IF(G3="x","x")))) | V3: =IF('Aanpassen Werkschema'!W33="x","",IF('Aanpassen Werkschema'!Q33="v","x",IF(H3="","",IF(H3="x","x")))) | W3: =IF('Aanpassen Werkschema'!X33="x","",IF('Aanpassen Werkschema'!R33="v","x",IF(I3="","",IF(I3="x","x")))) | X3: =IF('Aanpassen Werkschema'!Y33="x","",IF('Aanpassen Werkschema'!S33="v","x",IF(J3="","",IF(J3="x","x")))) | Y3: =IF('Aanpassen Werkschema'!Z33="x","",IF('Aanpassen Werkschema'!T33="v","x",IF(K3="","",IF(K3="x","x")))) | Z3: 1e-10 | AA3: =IFERROR(IF(C3="",1.1,IF(S3="",1,IF($C3=1,VLOOKUP($B3,'Werkschema - Rekening'!$B$2:$C$46,2,FALSE),IF($C3=2,Instellingen!C$16,IF($C3=3,Instellingen!D$16,IF($C3=4,L3))))+$D3)+$Z3),1.1) | AB3: =IF($B3="","",IFERROR(VLOOKUP($B3,'Werkschema - Rekening'!$B$2:$P$46,3,FALSE),"")) | AC3: =IFERROR(IF(C3="",1.1,IF(T3="",1,IF($C3=1,VLOOKUP($B3,'Werkschema - Rekening'!$B$2:$E$46,4,FALSE),IF($C3=2,Instellingen!E$16,IF($C3=3,Instellingen!F$16,IF($C3=4,M3))))+$D3)+$Z3),1.1) | AD3: =IF($B3="","",IFERROR(VLOOKUP($B3,'Werkschema - Rekening'!$B$2:$P$46,5,FALSE),"")) | AE3: =IFERROR(IF(C3="",1.1,IF(U3="",1,IF($C3=1,VLOOKUP($B3,'Werkschema - Rekening'!$B$2:$G$46,6,FALSE),IF($C3=2,Instellingen!G$16,IF($C3=3,Instellingen!H$16,IF($C3=4,N3))))+$D3)+$Z3),1.1) | AF3: =IF($B3="","",IFERROR(VLOOKUP($B3,'Werkschema - Rekening'!$B$2:$P$46,7,FALSE),"")) | AG3: =IFERROR(IF(C3="",1.1,IF(V3="",1,IF($C3=1,VLOOKUP($B3,'Werkschema - Rekening'!$B$2:$I$46,8,FALSE),IF($C3=2,Instellingen!I$16,IF($C3=3,Instellingen!J$16,IF($C3=4,O3))))+$D3)+$Z3),1.1) | AH3: =IF($B3="","",IFERROR(VLOOKUP($B3,'Werkschema - Rekening'!$B$2:$P$46,9,FALSE),"")) | AI3: =IFERROR(IF(C3="",1.1,IF(W3="",1,IF($C3=1,VLOOKUP($B3,'Werkschema - Rekening'!$B$2:$K$46,10,FALSE),IF($C3=2,Instellingen!K$16,IF($C3=3,Instellingen!L$16,IF($C3=4,P3))))+$D3)+$Z3),1.1) | AJ3: =IF($B3="","",IFERROR(VLOOKUP($B3,'Werkschema - Rekening'!$B$2:$P$46,11,FALSE),"")) | AK3: =IFERROR(IF(C3="",1.1,IF(X3="",1,IF($C3=1,VLOOKUP($B3,'Werkschema - Rekening'!$B$2:$M$46,12,FALSE),IF($C3=2,Instellingen!M$16,IF($C3=3,Instellingen!N$16,IF($C3=4,Q3))))+$D3)+$Z3),1.1) | AL3: =IF($B3="","",IFERROR(VLOOKUP($B3,'Werkschema - Rekening'!$B$2:$P$46,13,FALSE),"")) | AM3: =IFERROR(IF(C3="",1.1,IF(Y3="",1,IF($C3=1,VLOOKUP($B3,'Werkschema - Rekening'!$B$2:$O$46,14,FALSE),IF($C3=2,Instellingen!O$16,IF($C3=3,Instellingen!P$16,IF($C3=4,R3))))+$D3)+$Z3),1.1) | AN3: =IF($B3="","",IFERROR(VLOOKUP($B3,'Werkschema - Rekening'!$B$2:$P$46,15,FALSE),"")) | AO3: =A3 | AP3: =B3
A4: ='Aanpassen Werkschema'!B34 | B4: ='Aanpassen Werkschema'!C34 | C4: =IF('Aanpassen Werkschema'!D34="geplande taak",1,IF('Aanpassen Werkschema'!D34="openingstijd",2,IF('Aanpassen Werkschema'!D34="sluitingstijd",3,IF('Aanpassen Werkschema'!D34="vaste tijd",4,"")))) | D4: ='Aanpassen Werkschema'!E34 | E4: =IF('Aanpassen Werkschema'!F34="v","x","") | F4: =IF('Aanpassen Werkschema'!G34="v","x","") | G4: =IF('Aanpassen Werkschema'!H34="v","x","") | H4: =IF('Aanpassen Werkschema'!I34="v","x","") | I4: =IF('Aanpassen Werkschema'!J34="v","x","") | J4: =IF('Aanpassen Werkschema'!K34="v","x","") | K4: =IF('Aanpassen Werkschema'!L34="v","x","") | L4: =IF('Aanpassen Werkschema'!M34>0,'Aanpassen Werkschema'!M34,"") | M4: =IF('Aanpassen Werkschema'!N34>0,'Aanpassen Werkschema'!N34,"") | N4: =IF('Aanpassen Werkschema'!O34>0,'Aanpassen Werkschema'!O34,"") | O4: =IF('Aanpassen Werkschema'!P34>0,'Aanpassen Werkschema'!P34,"") | P4: =IF('Aanpassen Werkschema'!Q34>0,'Aanpassen Werkschema'!Q34,"") | Q4: =IF('Aanpassen Werkschema'!R34>0,'Aanpassen Werkschema'!R34,"") | R4: =IF('Aanpassen Werkschema'!S34>0,'Aanpassen Werkschema'!S34,"") | S4: =IF('Aanpassen Werkschema'!T34="x","",IF('Aanpassen Werkschema'!N34="v","x",IF(E4="","",IF(E4="x","x")))) | T4: =IF('Aanpassen Werkschema'!U34="x","",IF('Aanpassen Werkschema'!O34="v","x",IF(F4="","",IF(F4="x","x")))) | U4: =IF('Aanpassen Werkschema'!V34="x","",IF('Aanpassen Werkschema'!P34="v","x",IF(G4="","",IF(G4="x","x")))) | V4: =IF('Aanpassen Werkschema'!W34="x","",IF('Aanpassen Werkschema'!Q34="v","x",IF(H4="","",IF(H4="x","x")))) | W4: =IF('Aanpassen Werkschema'!X34="x","",IF('Aanpassen Werkschema'!R34="v","x",IF(I4="","",IF(I4="x","x")))) | X4: =IF('Aanpassen Werkschema'!Y34="x","",IF('Aanpassen Werkschema'!S34="v","x",IF(J4="","",IF(J4="x","x")))) | Y4: =IF('Aanpassen Werkschema'!Z34="x","",IF('Aanpassen Werkschema'!T34="v","x",IF(K4="","",IF(K4="x","x")))) | Z4: =Z3+0.0000000001 | AA4: =IFERROR(IF(C4="",1.1,IF(S4="",1,IF($C4=1,VLOOKUP($B4,'Werkschema - Rekening'!$B$2:$C$46,2,FALSE),IF($C4=2,Instellingen!C$16,IF($C4=3,Instellingen!D$16,IF($C4=4,L4))))+$D4)+$Z4),1.1) | AB4: =IF($B4="","",IFERROR(VLOOKUP($B4,'Werkschema - Rekening'!$B$2:$P$46,3,FALSE),"")) | AC4: =IFERROR(IF(C4="",1.1,IF(T4="",1,IF($C4=1,VLOOKUP($B4,'Werkschema - Rekening'!$B$2:$E$46,4,FALSE),IF($C4=2,Instellingen!E$16,IF($C4=3,Instellingen!F$16,IF($C4=4,M4))))+$D4)+$Z4),1.1) | AD4: =IF($B4="","",IFERROR(VLOOKUP($B4,'Werkschema - Rekening'!$B$2:$P$46,5,FALSE),"")) | AE4: =IFERROR(IF(C4="",1.1,IF(U4="",1,IF($C4=1,VLOOKUP($B4,'Werkschema - Rekening'!$B$2:$G$46,6,FALSE),IF($C4=2,Instellingen!G$16,IF($C4=3,Instellingen!H$16,IF($C4=4,N4))))+$D4)+$Z4),1.1) | AF4: =IF($B4="","",IFERROR(VLOOKUP($B4,'Werkschema - Rekening'!$B$2:$P$46,7,FALSE),"")) | AG4: =IFERROR(IF(C4="",1.1,IF(V4="",1,IF($C4=1,VLOOKUP($B4,'Werkschema - Rekening'!$B$2:$I$46,8,FALSE),IF($C4=2,Instellingen!I$16,IF($C4=3,Instellingen!J$16,IF($C4=4,O4))))+$D4)+$Z4),1.1) | AH4: =IF($B4="","",IFERROR(VLOOKUP($B4,'Werkschema - Rekening'!$B$2:$P$46,9,FALSE),"")) | AI4: =IFERROR(IF(C4="",1.1,IF(W4="",1,IF($C4=1,VLOOKUP($B4,'Werkschema - Rekening'!$B$2:$K$46,10,FALSE),IF($C4=2,Instellingen!K$16,IF($C4=3,Instellingen!L$16,IF($C4=4,P4))))+$D4)+$Z4),1.1) | AJ4: =IF($B4="","",IFERROR(VLOOKUP($B4,'Werkschema - Rekening'!$B$2:$P$46,11,FALSE),"")) | AK4: =IFERROR(IF(C4="",1.1,IF(X4="",1,IF($C4=1,VLOOKUP($B4,'Werkschema - Rekening'!$B$2:$M$46,12,FALSE),IF($C4=2,Instellingen!M$16,IF($C4=3,Instellingen!N$16,IF($C4=4,Q4))))+$D4)+$Z4),1.1) | AL4: =IF($B4="","",IFERROR(VLOOKUP($B4,'Werkschema - Rekening'!$B$2:$P$46,13,FALSE),"")) | AM4: =IFERROR(IF(C4="",1.1,IF(Y4="",1,IF($C4=1,VLOOKUP($B4,'Werkschema - Rekening'!$B$2:$O$46,14,FALSE),IF($C4=2,Instellingen!O$16,IF($C4=3,Instellingen!P$16,IF($C4=4,R4))))+$D4)+$Z4),1.1) | AN4: =IF($B4="","",IFERROR(VLOOKUP($B4,'Werkschema - Rekening'!$B$2:$P$46,15,FALSE),"")) | AO4: =A4 | AP4: =B4
A5: ='Aanpassen Werkschema'!B35 | B5: ='Aanpassen Werkschema'!C35 | C5: =IF('Aanpassen Werkschema'!D35="geplande taak",1,IF('Aanpassen Werkschema'!D35="openingstijd",2,IF('Aanpassen Werkschema'!D35="sluitingstijd",3,IF('Aanpassen Werkschema'!D35="vaste tijd",4,"")))) | D5: ='Aanpassen Werkschema'!E35 | E5: =IF('Aanpassen Werkschema'!F35="v","x","") | F5: =IF('Aanpassen Werkschema'!G35="v","x","") | G5: =IF('Aanpassen Werkschema'!H35="v","x","") | H5: =IF('Aanpassen Werkschema'!I35="v","x","") | I5: =IF('Aanpassen Werkschema'!J35="v","x","") | J5: =IF('Aanpassen Werkschema'!K35="v","x","") | K5: =IF('Aanpassen Werkschema'!L35="v","x","") | L5: =IF('Aanpassen Werkschema'!M35>0,'Aanpassen Werkschema'!M35,"") | M5: =IF('Aanpassen Werkschema'!N35>0,'Aanpassen Werkschema'!N35,"") | N5: =IF('Aanpassen Werkschema'!O35>0,'Aanpassen Werkschema'!O35,"") | O5: =IF('Aanpassen Werkschema'!P35>0,'Aanpassen Werkschema'!P35,"") | P5: =IF('Aanpassen Werkschema'!Q35>0,'Aanpassen Werkschema'!Q35,"") | Q5: =IF('Aanpassen Werkschema'!R35>0,'Aanpassen Werkschema'!R35,"") | R5: =IF('Aanpassen Werkschema'!S35>0,'Aanpassen Werkschema'!S35,"") | S5: =IF('Aanpassen Werkschema'!T35="x","",IF('Aanpassen Werkschema'!N35="v","x",IF(E5="","",IF(E5="x","x")))) | T5: =IF('Aanpassen Werkschema'!U35="x","",IF('Aanpassen Werkschema'!O35="v","x",IF(F5="","",IF(F5="x","x")))) | U5: =IF('Aanpassen Werkschema'!V35="x","",IF('Aanpassen Werkschema'!P35="v","x",IF(G5="","",IF(G5="x","x")))) | V5: =IF('Aanpassen Werkschema'!W35="x","",IF('Aanpassen Werkschema'!Q35="v","x",IF(H5="","",IF(H5="x","x")))) | W5: =IF('Aanpassen Werkschema'!X35="x","",IF('Aanpassen Werkschema'!R35="v","x",IF(I5="","",IF(I5="x","x")))) | X5: =IF('Aanpassen Werkschema'!Y35="x","",IF('Aanpassen Werkschema'!S35="v","x",IF(J5="","",IF(J5="x","x")))) | Y5: =IF('Aanpassen Werkschema'!Z35="x","",IF('Aanpassen Werkschema'!T35="v","x",IF(K5="","",IF(K5="x","x")))) | Z5: =Z4+0.0000000001 | AA5: =IFERROR(IF(C5="",1.1,IF(S5="",1,IF($C5=1,VLOOKUP($B5,'Werkschema - Rekening'!$B$2:$C$46,2,FALSE),IF($C5=2,Instellingen!C$16,IF($C5=3,Instellingen!D$16,IF($C5=4,L5))))+$D5)+$Z5),1.1) | AB5: =IF($B5="","",IFERROR(VLOOKUP($B5,'Werkschema - Rekening'!$B$2:$P$46,3,FALSE),"")) | AC5: =IFERROR(IF(C5="",1.1,IF(T5="",1,IF($C5=1,VLOOKUP($B5,'Werkschema - Rekening'!$B$2:$E$46,4,FALSE),IF($C5=2,Instellingen!E$16,IF($C5=3,Instellingen!F$16,IF($C5=4,M5))))+$D5)+$Z5),1.1) | AD5: =IF($B5="","",IFERROR(VLOOKUP($B5,'Werkschema - Rekening'!$B$2:$P$46,5,FALSE),"")) | AE5: =IFERROR(IF(C5="",1.1,IF(U5="",1,IF($C5=1,VLOOKUP($B5,'Werkschema - Rekening'!$B$2:$G$46,6,FALSE),IF($C5=2,Instellingen!G$16,IF($C5=3,Instellingen!H$16,IF($C5=4,N5))))+$D5)+$Z5),1.1) | AF5: =IF($B5="","",IFERROR(VLOOKUP($B5,'Werkschema - Rekening'!$B$2:$P$46,7,FALSE),"")) | AG5: =IFERROR(IF(C5="",1.1,IF(V5="",1,IF($C5=1,VLOOKUP($B5,'Werkschema - Rekening'!$B$2:$I$46,8,FALSE),IF($C5=2,Instellingen!I$16,IF($C5=3,Instellingen!J$16,IF($C5=4,O5))))+$D5)+$Z5),1.1) | AH5: =IF($B5="","",IFERROR(VLOOKUP($B5,'Werkschema - Rekening'!$B$2:$P$46,9,FALSE),"")) | AI5: =IFERROR(IF(C5="",1.1,IF(W5="",1,IF($C5=1,VLOOKUP($B5,'Werkschema - Rekening'!$B$2:$K$46,10,FALSE),IF($C5=2,Instellingen!K$16,IF($C5=3,Instellingen!L$16,IF($C5=4,P5))))+$D5)+$Z5),1.1) | AJ5: =IF($B5="","",IFERROR(VLOOKUP($B5,'Werkschema - Rekening'!$B$2:$P$46,11,FALSE),"")) | AK5: =IFERROR(IF(C5="",1.1,IF(X5="",1,IF($C5=1,VLOOKUP($B5,'Werkschema - Rekening'!$B$2:$M$46,12,FALSE),IF($C5=2,Instellingen!M$16,IF($C5=3,Instellingen!N$16,IF($C5=4,Q5))))+$D5)+$Z5),1.1) | AL5: =IF($B5="","",IFERROR(VLOOKUP($B5,'Werkschema - Rekening'!$B$2:$P$46,13,FALSE),"")) | AM5: =IFERROR(IF(C5="",1.1,IF(Y5="",1,IF($C5=1,VLOOKUP($B5,'Werkschema - Rekening'!$B$2:$O$46,14,FALSE),IF($C5=2,Instellingen!O$16,IF($C5=3,Instellingen!P$16,IF($C5=4,R5))))+$D5)+$Z5),1.1) | AN5: =IF($B5="","",IFERROR(VLOOKUP($B5,'Werkschema - Rekening'!$B$2:$P$46,15,FALSE),"")) | AO5: =A5 | AP5: =B5
A6: ='Aanpassen Werkschema'!B36 | B6: ='Aanpassen Werkschema'!C36 | C6: =IF('Aanpassen Werkschema'!D36="geplande taak",1,IF('Aanpassen Werkschema'!D36="openingstijd",2,IF('Aanpassen Werkschema'!D36="sluitingstijd",3,IF('Aanpassen Werkschema'!D36="vaste tijd",4,"")))) | D6: ='Aanpassen Werkschema'!E36 | E6: =IF('Aanpassen Werkschema'!F36="v","x","") | F6: =IF('Aanpassen Werkschema'!G36="v","x","") | G6: =IF('Aanpassen Werkschema'!H36="v","x","") | H6: =IF('Aanpassen Werkschema'!I36="v","x","") | I6: =IF('Aanpassen Werkschema'!J36="v","x","") | J6: =IF('Aanpassen Werkschema'!K36="v","x","") | K6: =IF('Aanpassen Werkschema'!L36="v","x","") | L6: =IF('Aanpassen Werkschema'!M36>0,'Aanpassen Werkschema'!M36,"") | M6: =IF('Aanpassen Werkschema'!N36>0,'Aanpassen Werkschema'!N36,"") | N6: =IF('Aanpassen Werkschema'!O36>0,'Aanpassen Werkschema'!O36,"") | O6: =IF('Aanpassen Werkschema'!P36>0,'Aanpassen Werkschema'!P36,"") | P6: =IF('Aanpassen Werkschema'!Q36>0,'Aanpassen Werkschema'!Q36,"") | Q6: =IF('Aanpassen Werkschema'!R36>0,'Aanpassen Werkschema'!R36,"") | R6: =IF('Aanpassen Werkschema'!S36>0,'Aanpassen Werkschema'!S36,"") | S6: =IF('Aanpassen Werkschema'!T36="x","",IF('Aanpassen Werkschema'!N36="v","x",IF(E6="","",IF(E6="x","x")))) | T6: =IF('Aanpassen Werkschema'!U36="x","",IF('Aanpassen Werkschema'!O36="v","x",IF(F6="","",IF(F6="x","x")))) | U6: =IF('Aanpassen Werkschema'!V36="x","",IF('Aanpassen Werkschema'!P36="v","x",IF(G6="","",IF(G6="x","x")))) | V6: =IF('Aanpassen Werkschema'!W36="x","",IF('Aanpassen Werkschema'!Q36="v","x",IF(H6="","",IF(H6="x","x")))) | W6: =IF('Aanpassen Werkschema'!X36="x","",IF('Aanpassen Werkschema'!R36="v","x",IF(I6="","",IF(I6="x","x")))) | X6: =IF('Aanpassen Werkschema'!Y36="x","",IF('Aanpassen Werkschema'!S36="v","x",IF(J6="","",IF(J6="x","x")))) | Y6: =IF('Aanpassen Werkschema'!Z36="x","",IF('Aanpassen Werkschema'!T36="v","x",IF(K6="","",IF(K6="x","x")))) | Z6: =Z5+0.0000000001 | AA6: =IFERROR(IF(C6="",1.1,IF(S6="",1,IF($C6=1,VLOOKUP($B6,'Werkschema - Rekening'!$B$2:$C$46,2,FALSE),IF($C6=2,Instellingen!C$16,IF($C6=3,Instellingen!D$16,IF($C6=4,L6))))+$D6)+$Z6),1.1) | AB6: =IF($B6="","",IFERROR(VLOOKUP($B6,'Werkschema - Rekening'!$B$2:$P$46,3,FALSE),"")) | AC6: =IFERROR(IF(C6="",1.1,IF(T6="",1,IF($C6=1,VLOOKUP($B6,'Werkschema - Rekening'!$B$2:$E$46,4,FALSE),IF($C6=2,Instellingen!E$16,IF($C6=3,Instellingen!F$16,IF($C6=4,M6))))+$D6)+$Z6),1.1) | AD6: =IF($B6="","",IFERROR(VLOOKUP($B6,'Werkschema - Rekening'!$B$2:$P$46,5,FALSE),"")) | AE6: =IFERROR(IF(C6="",1.1,IF(U6="",1,IF($C6=1,VLOOKUP($B6,'Werkschema - Rekening'!$B$2:$G$46,6,FALSE),IF($C6=2,Instellingen!G$16,IF($C6=3,Instellingen!H$16,IF($C6=4,N6))))+$D6)+$Z6),1.1) | AF6: =IF($B6="","",IFERROR(VLOOKUP($B6,'Werkschema - Rekening'!$B$2:$P$46,7,FALSE),"")) | AG6: =IFERROR(IF(C6="",1.1,IF(V6="",1,IF($C6=1,VLOOKUP($B6,'Werkschema - Rekening'!$B$2:$I$46,8,FALSE),IF($C6=2,Instellingen!I$16,IF($C6=3,Instellingen!J$16,IF($C6=4,O6))))+$D6)+$Z6),1.1) | AH6: =IF($B6="","",IFERROR(VLOOKUP($B6,'Werkschema - Rekening'!$B$2:$P$46,9,FALSE),"")) | AI6: =IFERROR(IF(C6="",1.1,IF(W6="",1,IF($C6=1,VLOOKUP($B6,'Werkschema - Rekening'!$B$2:$K$46,10,FALSE),IF($C6=2,Instellingen!K$16,IF($C6=3,Instellingen!L$16,IF($C6=4,P6))))+$D6)+$Z6),1.1) | AJ6: =IF($B6="","",IFERROR(VLOOKUP($B6,'Werkschema - Rekening'!$B$2:$P$46,11,FALSE),"")) | AK6: =IFERROR(IF(C6="",1.1,IF(X6="",1,IF($C6=1,VLOOKUP($B6,'Werkschema - Rekening'!$B$2:$M$46,12,FALSE),IF($C6=2,Instellingen!M$16,IF($C6=3,Instellingen!N$16,IF($C6=4,Q6))))+$D6)+$Z6),1.1) | AL6: =IF($B6="","",IFERROR(VLOOKUP($B6,'Werkschema - Rekening'!$B$2:$P$46,13,FALSE),"")) | AM6: =IFERROR(IF(C6="",1.1,IF(Y6="",1,IF($C6=1,VLOOKUP($B6,'Werkschema - Rekening'!$B$2:$O$46,14,FALSE),IF($C6=2,Instellingen!O$16,IF($C6=3,Instellingen!P$16,IF($C6=4,R6))))+$D6)+$Z6),1.1) | AN6: =IF($B6="","",IFERROR(VLOOKUP($B6,'Werkschema - Rekening'!$B$2:$P$46,15,FALSE),"")) | AO6: =A6 | AP6: =B6
A7: ='Aanpassen Werkschema'!B37 | B7: ='Aanpassen Werkschema'!C37 | C7: =IF('Aanpassen Werkschema'!D37="geplande taak",1,IF('Aanpassen Werkschema'!D37="openingstijd",2,IF('Aanpassen Werkschema'!D37="sluitingstijd",3,IF('Aanpassen Werkschema'!D37="vaste tijd",4,"")))) | D7: ='Aanpassen Werkschema'!E37 | E7: =IF('Aanpassen Werkschema'!F37="v","x","") | F7: =IF('Aanpassen Werkschema'!G37="v","x","") | G7: =IF('Aanpassen Werkschema'!H37="v","x","") | H7: =IF('Aanpassen Werkschema'!I37="v","x","") | I7: =IF('Aanpassen Werkschema'!J37="v","x","") | J7: =IF('Aanpassen Werkschema'!K37="v","x","") | K7: =IF('Aanpassen Werkschema'!L37="v","x","") | L7: =IF('Aanpassen Werkschema'!M37>0,'Aanpassen Werkschema'!M37,"") | M7: =IF('Aanpassen Werkschema'!N37>0,'Aanpassen Werkschema'!N37,"") | N7: =IF('Aanpassen Werkschema'!O37>0,'Aanpassen Werkschema'!O37,"") | O7: =IF('Aanpassen Werkschema'!P37>0,'Aanpassen Werkschema'!P37,"") | P7: =IF('Aanpassen Werkschema'!Q37>0,'Aanpassen Werkschema'!Q37,"") | Q7: =IF('Aanpassen Werkschema'!R37>0,'Aanpassen Werkschema'!R37,"") | R7: =IF('Aanpassen Werkschema'!S37>0,'Aanpassen Werkschema'!S37,"") | S7: =IF('Aanpassen Werkschema'!T37="x","",IF('Aanpassen Werkschema'!N37="v","x",IF(E7="","",IF(E7="x","x")))) | T7: =IF('Aanpassen Werkschema'!U37="x","",IF('Aanpassen Werkschema'!O37="v","x",IF(F7="","",IF(F7="x","x")))) | U7: =IF('Aanpassen Werkschema'!V37="x","",IF('Aanpassen Werkschema'!P37="v","x",IF(G7="","",IF(G7="x","x")))) | V7: =IF('Aanpassen Werkschema'!W37="x","",IF('Aanpassen Werkschema'!Q37="v","x",IF(H7="","",IF(H7="x","x")))) | W7: =IF('Aanpassen Werkschema'!X37="x","",IF('Aanpassen Werkschema'!R37="v","x",IF(I7="","",IF(I7="x","x")))) | X7: =IF('Aanpassen Werkschema'!Y37="x","",IF('Aanpassen Werkschema'!S37="v","x",IF(J7="","",IF(J7="x","x")))) | Y7: =IF('Aanpassen Werkschema'!Z37="x","",IF('Aanpassen Werkschema'!T37="v","x",IF(K7="","",IF(K7="x","x")))) | Z7: =Z6+0.0000000001 | AA7: =IFERROR(IF(C7="",1.1,IF(S7="",1,IF($C7=1,VLOOKUP($B7,'Werkschema - Rekening'!$B$2:$C$46,2,FALSE),IF($C7=2,Instellingen!C$16,IF($C7=3,Instellingen!D$16,IF($C7=4,L7))))+$D7)+$Z7),1.1) | AB7: =IF($B7="","",IFERROR(VLOOKUP($B7,'Werkschema - Rekening'!$B$2:$P$46,3,FALSE),"")) | AC7: =IFERROR(IF(C7="",1.1,IF(T7="",1,IF($C7=1,VLOOKUP($B7,'Werkschema - Rekening'!$B$2:$E$46,4,FALSE),IF($C7=2,Instellingen!E$16,IF($C7=3,Instellingen!F$16,IF($C7=4,M7))))+$D7)+$Z7),1.1) | AD7: =IF($B7="","",IFERROR(VLOOKUP($B7,'Werkschema - Rekening'!$B$2:$P$46,5,FALSE),"")) | AE7: =IFERROR(IF(C7="",1.1,IF(U7="",1,IF($C7=1,VLOOKUP($B7,'Werkschema - Rekening'!$B$2:$G$46,6,FALSE),IF($C7=2,Instellingen!G$16,IF($C7=3,Instellingen!H$16,IF($C7=4,N7))))+$D7)+$Z7),1.1) | AF7: =IF($B7="","",IFERROR(VLOOKUP($B7,'Werkschema - Rekening'!$B$2:$P$46,7,FALSE),"")) | AG7: =IFERROR(IF(C7="",1.1,IF(V7="",1,IF($C7=1,VLOOKUP($B7,'Werkschema - Rekening'!$B$2:$I$46,8,FALSE),IF($C7=2,Instellingen!I$16,IF($C7=3,Instellingen!J$16,IF($C7=4,O7))))+$D7)+$Z7),1.1) | AH7: =IF($B7="","",IFERROR(VLOOKUP($B7,'Werkschema - Rekening'!$B$2:$P$46,9,FALSE),"")) | AI7: =IFERROR(IF(C7="",1.1,IF(W7="",1,IF($C7=1,VLOOKUP($B7,'Werkschema - Rekening'!$B$2:$K$46,10,FALSE),IF($C7=2,Instellingen!K$16,IF($C7=3,Instellingen!L$16,IF($C7=4,P7))))+$D7)+$Z7),1.1) | AJ7: =IF($B7="","",IFERROR(VLOOKUP($B7,'Werkschema - Rekening'!$B$2:$P$46,11,FALSE),"")) | AK7: =IFERROR(IF(C7="",1.1,IF(X7="",1,IF($C7=1,VLOOKUP($B7,'Werkschema - Rekening'!$B$2:$M$46,12,FALSE),IF($C7=2,Instellingen!M$16,IF($C7=3,Instellingen!N$16,IF($C7=4,Q7))))+$D7)+$Z7),1.1) | AL7: =IF($B7="","",IFERROR(VLOOKUP($B7,'Werkschema - Rekening'!$B$2:$P$46,13,FALSE),"")) | AM7: =IFERROR(IF(C7="",1.1,IF(Y7="",1,IF($C7=1,VLOOKUP($B7,'Werkschema - Rekening'!$B$2:$O$46,14,FALSE),IF($C7=2,Instellingen!O$16,IF($C7=3,Instellingen!P$16,IF($C7=4,R7))))+$D7)+$Z7),1.1) | AN7: =IF($B7="","",IFERROR(VLOOKUP($B7,'Werkschema - Rekening'!$B$2:$P$46,15,FALSE),"")) | AO7: =A7 | AP7: =B7
A8: ='Aanpassen Werkschema'!B38 | B8: ='Aanpassen Werkschema'!C38 | C8: =IF('Aanpassen Werkschema'!D38="geplande taak",1,IF('Aanpassen Werkschema'!D38="openingstijd",2,IF('Aanpassen Werkschema'!D38="sluitingstijd",3,IF('Aanpassen Werkschema'!D38="vaste tijd",4,"")))) | D8: ='Aanpassen Werkschema'!E38 | E8: =IF('Aanpassen Werkschema'!F38="v","x","") | F8: =IF('Aanpassen Werkschema'!G38="v","x","") | G8: =IF('Aanpassen Werkschema'!H38="v","x","") | H8: =IF('Aanpassen Werkschema'!I38="v","x","") | I8: =IF('Aanpassen Werkschema'!J38="v","x","") | J8: =IF('Aanpassen Werkschema'!K38="v","x","") | K8: =IF('Aanpassen Werkschema'!L38="v","x","") | L8: =IF('Aanpassen Werkschema'!M38>0,'Aanpassen Werkschema'!M38,"") | M8: =IF('Aanpassen Werkschema'!N38>0,'Aanpassen Werkschema'!N38,"") | N8: =IF('Aanpassen Werkschema'!O38>0,'Aanpassen Werkschema'!O38,"") | O8: =IF('Aanpassen Werkschema'!P38>0,'Aanpassen Werkschema'!P38,"") | P8: =IF('Aanpassen Werkschema'!Q38>0,'Aanpassen Werkschema'!Q38,"") | Q8: =IF('Aanpassen Werkschema'!R38>0,'Aanpassen Werkschema'!R38,"") | R8: =IF('Aanpassen Werkschema'!S38>0,'Aanpassen Werkschema'!S38,"") | S8: =IF('Aanpassen Werkschema'!T38="x","",IF('Aanpassen Werkschema'!N38="v","x",IF(E8="","",IF(E8="x","x")))) | T8: =IF('Aanpassen Werkschema'!U38="x","",IF('Aanpassen Werkschema'!O38="v","x",IF(F8="","",IF(F8="x","x")))) | U8: =IF('Aanpassen Werkschema'!V38="x","",IF('Aanpassen Werkschema'!P38="v","x",IF(G8="","",IF(G8="x","x")))) | V8: =IF('Aanpassen Werkschema'!W38="x","",IF('Aanpassen Werkschema'!Q38="v","x",IF(H8="","",IF(H8="x","x")))) | W8: =IF('Aanpassen Werkschema'!X38="x","",IF('Aanpassen Werkschema'!R38="v","x",IF(I8="","",IF(I8="x","x")))) | X8: =IF('Aanpassen Werkschema'!Y38="x","",IF('Aanpassen Werkschema'!S38="v","x",IF(J8="","",IF(J8="x","x")))) | Y8: =IF('Aanpassen Werkschema'!Z38="x","",IF('Aanpassen Werkschema'!T38="v","x",IF(K8="","",IF(K8="x","x")))) | Z8: =Z7+0.0000000001 | AA8: =IFERROR(IF(C8="",1.1,IF(S8="",1,IF($C8=1,VLOOKUP($B8,'Werkschema - Rekening'!$B$2:$C$46,2,FALSE),IF($C8=2,Instellingen!C$16,IF($C8=3,Instellingen!D$16,IF($C8=4,L8))))+$D8)+$Z8),1.1) | AB8: =IF($B8="","",IFERROR(VLOOKUP($B8,'Werkschema - Rekening'!$B$2:$P$46,3,FALSE),"")) | AC8: =IFERROR(IF(C8="",1.1,IF(T8="",1,IF($C8=1,VLOOKUP($B8,'Werkschema - Rekening'!$B$2:$E$46,4,FALSE),IF($C8=2,Instellingen!E$16,IF($C8=3,Instellingen!F$16,IF($C8=4,M8))))+$D8)+$Z8),1.1) | AD8: =IF($B8="","",IFERROR(VLOOKUP($B8,'Werkschema - Rekening'!$B$2:$P$46,5,FALSE),"")) | AE8: =IFERROR(IF(C8="",1.1,IF(U8="",1,IF($C8=1,VLOOKUP($B8,'Werkschema - Rekening'!$B$2:$G$46,6,FALSE),IF($C8=2,Instellingen!G$16,IF($C8=3,Instellingen!H$16,IF($C8=4,N8))))+$D8)+$Z8),1.1) | AF8: =IF($B8="","",IFERROR(VLOOKUP($B8,'Werkschema - Rekening'!$B$2:$P$46,7,FALSE),"")) | AG8: =IFERROR(IF(C8="",1.1,IF(V8="",1,IF($C8=1,VLOOKUP($B8,'Werkschema - Rekening'!$B$2:$I$46,8,FALSE),IF($C8=2,Instellingen!I$16,IF($C8=3,Instellingen!J$16,IF($C8=4,O8))))+$D8)+$Z8),1.1) | AH8: =IF($B8="","",IFERROR(VLOOKUP($B8,'Werkschema - Rekening'!$B$2:$P$46,9,FALSE),"")) | AI8: =IFERROR(IF(C8="",1.1,IF(W8="",1,IF($C8=1,VLOOKUP($B8,'Werkschema - Rekening'!$B$2:$K$46,10,FALSE),IF($C8=2,Instellingen!K$16,IF($C8=3,Instellingen!L$16,IF($C8=4,P8))))+$D8)+$Z8),1.1) | AJ8: =IF($B8="","",IFERROR(VLOOKUP($B8,'Werkschema - Rekening'!$B$2:$P$46,11,FALSE),"")) | AK8: =IFERROR(IF(C8="",1.1,IF(X8="",1,IF($C8=1,VLOOKUP($B8,'Werkschema - Rekening'!$B$2:$M$46,12,FALSE),IF($C8=2,Instellingen!M$16,IF($C8=3,Instellingen!N$16,IF($C8=4,Q8))))+$D8)+$Z8),1.1) | AL8: =IF($B8="","",IFERROR(VLOOKUP($B8,'Werkschema - Rekening'!$B$2:$P$46,13,FALSE),"")) | AM8: =IFERROR(IF(C8="",1.1,IF(Y8="",1,IF($C8=1,VLOOKUP($B8,'Werkschema - Rekening'!$B$2:$O$46,14,FALSE),IF($C8=2,Instellingen!O$16,IF($C8=3,Instellingen!P$16,IF($C8=4,R8))))+$D8)+$Z8),1.1) | AN8: =IF($B8="","",IFERROR(VLOOKUP($B8,'Werkschema - Rekening'!$B$2:$P$46,15,FALSE),"")) | AO8: =A8 | AP8: =B8
A9: ='Aanpassen Werkschema'!B39 | B9: ='Aanpassen Werkschema'!C39 | C9: =IF('Aanpassen Werkschema'!D39="geplande taak",1,IF('Aanpassen Werkschema'!D39="openingstijd",2,IF('Aanpassen Werkschema'!D39="sluitingstijd",3,IF('Aanpassen Werkschema'!D39="vaste tijd",4,"")))) | D9: ='Aanpassen Werkschema'!E39 | E9: =IF('Aanpassen Werkschema'!F39="v","x","") | F9: =IF('Aanpassen Werkschema'!G39="v","x","") | G9: =IF('Aanpassen Werkschema'!H39="v","x","") | H9: =IF('Aanpassen Werkschema'!I39="v","x","") | I9: =IF('Aanpassen Werkschema'!J39="v","x","") | J9: =IF('Aanpassen Werkschema'!K39="v","x","") | K9: =IF('Aanpassen Werkschema'!L39="v","x","") | L9: =IF('Aanpassen Werkschema'!M39>0,'Aanpassen Werkschema'!M39,"") | M9: =IF('Aanpassen Werkschema'!N39>0,'Aanpassen Werkschema'!N39,"") | N9: =IF('Aanpassen Werkschema'!O39>0,'Aanpassen Werkschema'!O39,"") | O9: =IF('Aanpassen Werkschema'!P39>0,'Aanpassen Werkschema'!P39,"") | P9: =IF('Aanpassen Werkschema'!Q39>0,'Aanpassen Werkschema'!Q39,"") | Q9: =IF('Aanpassen Werkschema'!R39>0,'Aanpassen Werkschema'!R39,"") | R9: =IF('Aanpassen Werkschema'!S39>0,'Aanpassen Werkschema'!S39,"") | S9: =IF('Aanpassen Werkschema'!T39="x","",IF('Aanpassen Werkschema'!N39="v","x",IF(E9="","",IF(E9="x","x")))) | T9: =IF('Aanpassen Werkschema'!U39="x","",IF('Aanpassen Werkschema'!O39="v","x",IF(F9="","",IF(F9="x","x")))) | U9: =IF('Aanpassen Werkschema'!V39="x","",IF('Aanpassen Werkschema'!P39="v","x",IF(G9="","",IF(G9="x","x")))) | V9: =IF('Aanpassen Werkschema'!W39="x","",IF('Aanpassen Werkschema'!Q39="v","x",IF(H9="","",IF(H9="x","x")))) | W9: =IF('Aanpassen Werkschema'!X39="x","",IF('Aanpassen Werkschema'!R39="v","x",IF(I9="","",IF(I9="x","x")))) | X9: =IF('Aanpassen Werkschema'!Y39="x","",IF('Aanpassen Werkschema'!S39="v","x",IF(J9="","",IF(J9="x","x")))) | Y9: =IF('Aanpassen Werkschema'!Z39="x","",IF('Aanpassen Werkschema'!T39="v","x",IF(K9="","",IF(K9="x","x")))) | Z9: =Z8+0.0000000001 | AA9: =IFERROR(IF(C9="",1.1,IF(S9="",1,IF($C9=1,VLOOKUP($B9,'Werkschema - Rekening'!$B$2:$C$46,2,FALSE),IF($C9=2,Instellingen!C$16,IF($C9=3,Instellingen!D$16,IF($C9=4,L9))))+$D9)+$Z9),1.1) | AB9: =IF($B9="","",IFERROR(VLOOKUP($B9,'Werkschema - Rekening'!$B$2:$P$46,3,FALSE),"")) | AC9: =IFERROR(IF(C9="",1.1,IF(T9="",1,IF($C9=1,VLOOKUP($B9,'Werkschema - Rekening'!$B$2:$E$46,4,FALSE),IF($C9=2,Instellingen!E$16,IF($C9=3,Instellingen!F$16,IF($C9=4,M9))))+$D9)+$Z9),1.1) | AD9: =IF($B9="","",IFERROR(VLOOKUP($B9,'Werkschema - Rekening'!$B$2:$P$46,5,FALSE),"")) | AE9: =IFERROR(IF(C9="",1.1,IF(U9="",1,IF($C9=1,VLOOKUP($B9,'Werkschema - Rekening'!$B$2:$G$46,6,FALSE),IF($C9=2,Instellingen!G$16,IF($C9=3,Instellingen!H$16,IF($C9=4,N9))))+$D9)+$Z9),1.1) | AF9: =IF($B9="","",IFERROR(VLOOKUP($B9,'Werkschema - Rekening'!$B$2:$P$46,7,FALSE),"")) | AG9: =IFERROR(IF(C9="",1.1,IF(V9="",1,IF($C9=1,VLOOKUP($B9,'Werkschema - Rekening'!$B$2:$I$46,8,FALSE),IF($C9=2,Instellingen!I$16,IF($C9=3,Instellingen!J$16,IF($C9=4,O9))))+$D9)+$Z9),1.1) | AH9: =IF($B9="","",IFERROR(VLOOKUP($B9,'Werkschema - Rekening'!$B$2:$P$46,9,FALSE),"")) | AI9: =IFERROR(IF(C9="",1.1,IF(W9="",1,IF($C9=1,VLOOKUP($B9,'Werkschema - Rekening'!$B$2:$K$46,10,FALSE),IF($C9=2,Instellingen!K$16,IF($C9=3,Instellingen!L$16,IF($C9=4,P9))))+$D9)+$Z9),1.1) | AJ9: =IF($B9="","",IFERROR(VLOOKUP($B9,'Werkschema - Rekening'!$B$2:$P$46,11,FALSE),"")) | AK9: =IFERROR(IF(C9="",1.1,IF(X9="",1,IF($C9=1,VLOOKUP($B9,'Werkschema - Rekening'!$B$2:$M$46,12,FALSE),IF($C9=2,Instellingen!M$16,IF($C9=3,Instellingen!N$16,IF($C9=4,Q9))))+$D9)+$Z9),1.1) | AL9: =IF($B9="","",IFERROR(VLOOKUP($B9,'Werkschema - Rekening'!$B$2:$P$46,13,FALSE),"")) | AM9: =IFERROR(IF(C9="",1.1,IF(Y9="",1,IF($C9=1,VLOOKUP($B9,'Werkschema - Rekening'!$B$2:$O$46,14,FALSE),IF($C9=2,Instellingen!O$16,IF($C9=3,Instellingen!P$16,IF($C9=4,R9))))+$D9)+$Z9),1.1) | AN9: =IF($B9="","",IFERROR(VLOOKUP($B9,'Werkschema - Rekening'!$B$2:$P$46,15,FALSE),"")) | AO9: =A9 | AP9: =B9
A10: ='Aanpassen Werkschema'!B40 | B10: ='Aanpassen Werkschema'!C40 | C10: =IF('Aanpassen Werkschema'!D40="geplande taak",1,IF('Aanpassen Werkschema'!D40="openingstijd",2,IF('Aanpassen Werkschema'!D40="sluitingstijd",3,IF('Aanpassen Werkschema'!D40="vaste tijd",4,"")))) | D10: ='Aanpassen Werkschema'!E40 | E10: =IF('Aanpassen Werkschema'!F40="v","x","") | F10: =IF('Aanpassen Werkschema'!G40="v","x","") | G10: =IF('Aanpassen Werkschema'!H40="v","x","") | H10: =IF('Aanpassen Werkschema'!I40="v","x","") | I10: =IF('Aanpassen Werkschema'!J40="v","x","") | J10: =IF('Aanpassen Werkschema'!K40="v","x","") | K10: =IF('Aanpassen Werkschema'!L40="v","x","") | L10: =IF('Aanpassen Werkschema'!M40>0,'Aanpassen Werkschema'!M40,"") | M10: =IF('Aanpassen Werkschema'!N40>0,'Aanpassen Werkschema'!N40,"") | N10: =IF('Aanpassen Werkschema'!O40>0,'Aanpassen Werkschema'!O40,"") | O10: =IF('Aanpassen Werkschema'!P40>0,'Aanpassen Werkschema'!P40,"") | P10: =IF('Aanpassen Werkschema'!Q40>0,'Aanpassen Werkschema'!Q40,"") | Q10: =IF('Aanpassen Werkschema'!R40>0,'Aanpassen Werkschema'!R40,"") | R10: =IF('Aanpassen Werkschema'!S40>0,'Aanpassen Werkschema'!S40,"") | S10: =IF('Aanpassen Werkschema'!T40="x","",IF('Aanpassen Werkschema'!N40="v","x",IF(E10="","",IF(E10="x","x")))) | T10: =IF('Aanpassen Werkschema'!U40="x","",IF('Aanpassen Werkschema'!O40="v","x",IF(F10="","",IF(F10="x","x")))) | U10: =IF('Aanpassen Werkschema'!V40="x","",IF('Aanpassen Werkschema'!P40="v","x",IF(G10="","",IF(G10="x","x")))) | V10: =IF('Aanpassen Werkschema'!W40="x","",IF('Aanpassen Werkschema'!Q40="v","x",IF(H10="","",IF(H10="x","x")))) | W10: =IF('Aanpassen Werkschema'!X40="x","",IF('Aanpassen Werkschema'!R40="v","x",IF(I10="","",IF(I10="x","x")))) | X10: =IF('Aanpassen Werkschema'!Y40="x","",IF('Aanpassen Werkschema'!S40="v","x",IF(J10="","",IF(J10="x","x")))) | Y10: =IF('Aanpassen Werkschema'!Z40="x","",IF('Aanpassen Werkschema'!T40="v","x",IF(K10="","",IF(K10="x","x")))) | Z10: =Z9+0.0000000001 | AA10: =IFERROR(IF(C10="",1.1,IF(S10="",1,IF($C10=1,VLOOKUP($B10,'Werkschema - Rekening'!$B$2:$C$46,2,FALSE),IF($C10=2,Instellingen!C$16,IF($C10=3,Instellingen!D$16,IF($C10=4,L10))))+$D10)+$Z10),1.1) | AB10: =IF($B10="","",IFERROR(VLOOKUP($B10,'Werkschema - Rekening'!$B$2:$P$46,3,FALSE),"")) | AC10: =IFERROR(IF(C10="",1.1,IF(T10="",1,IF($C10=1,VLOOKUP($B10,'Werkschema - Rekening'!$B$2:$E$46,4,FALSE),IF($C10=2,Instellingen!E$16,IF($C10=3,Instellingen!F$16,IF($C10=4,M10))))+$D10)+$Z10),1.1) | AD10: =IF($B10="","",IFERROR(VLOOKUP($B10,'Werkschema - Rekening'!$B$2:$P$46,5,FALSE),"")) | AE10: =IFERROR(IF(C10="",1.1,IF(U10="",1,IF($C10=1,VLOOKUP($B10,'Werkschema - Rekening'!$B$2:$G$46,6,FALSE),IF($C10=2,Instellingen!G$16,IF($C10=3,Instellingen!H$16,IF($C10=4,N10))))+$D10)+$Z10),1.1) | AF10: =IF($B10="","",IFERROR(VLOOKUP($B10,'Werkschema - Rekening'!$B$2:$P$46,7,FALSE),"")) | AG10: =IFERROR(IF(C10="",1.1,IF(V10="",1,IF($C10=1,VLOOKUP($B10,'Werkschema - Rekening'!$B$2:$I$46,8,FALSE),IF($C10=2,Instellingen!I$16,IF($C10=3,Instellingen!J$16,IF($C10=4,O10))))+$D10)+$Z10),1.1) | AH10: =IF($B10="","",IFERROR(VLOOKUP($B10,'Werkschema - Rekening'!$B$2:$P$46,9,FALSE),"")) | AI10: =IFERROR(IF(C10="",1.1,IF(W10="",1,IF($C10=1,VLOOKUP($B10,'Werkschema - Rekening'!$B$2:$K$46,10,FALSE),IF($C10=2,Instellingen!K$16,IF($C10=3,Instellingen!L$16,IF($C10=4,P10))))+$D10)+$Z10),1.1) | AJ10: =IF($B10="","",IFERROR(VLOOKUP($B10,'Werkschema - Rekening'!$B$2:$P$46,11,FALSE),"")) | AK10: =IFERROR(IF(C10="",1.1,IF(X10="",1,IF($C10=1,VLOOKUP($B10,'Werkschema - Rekening'!$B$2:$M$46,12,FALSE),IF($C10=2,Instellingen!M$16,IF($C10=3,Instellingen!N$16,IF($C10=4,Q10))))+$D10)+$Z10),1.1) | AL10: =IF($B10="","",IFERROR(VLOOKUP($B10,'Werkschema - Rekening'!$B$2:$P$46,13,FALSE),"")) | AM10: =IFERROR(IF(C10="",1.1,IF(Y10="",1,IF($C10=1,VLOOKUP($B10,'Werkschema - Rekening'!$B$2:$O$46,14,FALSE),IF($C10=2,Instellingen!O$16,IF($C10=3,Instellingen!P$16,IF($C10=4,R10))))+$D10)+$Z10),1.1) | AN10: =IF($B10="","",IFERROR(VLOOKUP($B10,'Werkschema - Rekening'!$B$2:$P$46,15,FALSE),"")) | AO10: =A10 | AP10: =B10
A11: ='Aanpassen Werkschema'!B41 | B11: ='Aanpassen Werkschema'!C41 | C11: =IF('Aanpassen Werkschema'!D41="geplande taak",1,IF('Aanpassen Werkschema'!D41="openingstijd",2,IF('Aanpassen Werkschema'!D41="sluitingstijd",3,IF('Aanpassen Werkschema'!D41="vaste tijd",4,"")))) | D11: ='Aanpassen Werkschema'!E41 | E11: =IF('Aanpassen Werkschema'!F41="v","x","") | F11: =IF('Aanpassen Werkschema'!G41="v","x","") | G11: =IF('Aanpassen Werkschema'!H41="v","x","") | H11: =IF('Aanpassen Werkschema'!I41="v","x","") | I11: =IF('Aanpassen Werkschema'!J41="v","x","") | J11: =IF('Aanpassen Werkschema'!K41="v","x","") | K11: =IF('Aanpassen Werkschema'!L41="v","x","") | L11: =IF('Aanpassen Werkschema'!M41>0,'Aanpassen Werkschema'!M41,"") | M11: =IF('Aanpassen Werkschema'!N41>0,'Aanpassen Werkschema'!N41,"") | N11: =IF('Aanpassen Werkschema'!O41>0,'Aanpassen Werkschema'!O41,"") | O11: =IF('Aanpassen Werkschema'!P41>0,'Aanpassen Werkschema'!P41,"") | P11: =IF('Aanpassen Werkschema'!Q41>0,'Aanpassen Werkschema'!Q41,"") | Q11: =IF('Aanpassen Werkschema'!R41>0,'Aanpassen Werkschema'!R41,"") | R11: =IF('Aanpassen Werkschema'!S41>0,'Aanpassen Werkschema'!S41,"") | S11: =IF('Aanpassen Werkschema'!T41="x","",IF('Aanpassen Werkschema'!N41="v","x",IF(E11="","",IF(E11="x","x")))) | T11: =IF('Aanpassen Werkschema'!U41="x","",IF('Aanpassen Werkschema'!O41="v","x",IF(F11="","",IF(F11="x","x")))) | U11: =IF('Aanpassen Werkschema'!V41="x","",IF('Aanpassen Werkschema'!P41="v","x",IF(G11="","",IF(G11="x","x")))) | V11: =IF('Aanpassen Werkschema'!W41="x","",IF('Aanpassen Werkschema'!Q41="v","x",IF(H11="","",IF(H11="x","x")))) | W11: =IF('Aanpassen Werkschema'!X41="x","",IF('Aanpassen Werkschema'!R41="v","x",IF(I11="","",IF(I11="x","x")))) | X11: =IF('Aanpassen Werkschema'!Y41="x","",IF('Aanpassen Werkschema'!S41="v","x",IF(J11="","",IF(J11="x","x")))) | Y11: =IF('Aanpassen Werkschema'!Z41="x","",IF('Aanpassen Werkschema'!T41="v","x",IF(K11="","",IF(K11="x","x")))) | Z11: =Z10+0.0000000001 | AA11: =IFERROR(IF(C11="",1.1,IF(S11="",1,IF($C11=1,VLOOKUP($B11,'Werkschema - Rekening'!$B$2:$C$46,2,FALSE),IF($C11=2,Instellingen!C$16,IF($C11=3,Instellingen!D$16,IF($C11=4,L11))))+$D11)+$Z11),1.1) | AB11: =IF($B11="","",IFERROR(VLOOKUP($B11,'Werkschema - Rekening'!$B$2:$P$46,3,FALSE),"")) | AC11: =IFERROR(IF(C11="",1.1,IF(T11="",1,IF($C11=1,VLOOKUP($B11,'Werkschema - Rekening'!$B$2:$E$46,4,FALSE),IF($C11=2,Instellingen!E$16,IF($C11=3,Instellingen!F$16,IF($C11=4,M11))))+$D11)+$Z11),1.1) | AD11: =IF($B11="","",IFERROR(VLOOKUP($B11,'Werkschema - Rekening'!$B$2:$P$46,5,FALSE),"")) | AE11: =IFERROR(IF(C11="",1.1,IF(U11="",1,IF($C11=1,VLOOKUP($B11,'Werkschema - Rekening'!$B$2:$G$46,6,FALSE),IF($C11=2,Instellingen!G$16,IF($C11=3,Instellingen!H$16,IF($C11=4,N11))))+$D11)+$Z11),1.1) | AF11: =IF($B11="","",IFERROR(VLOOKUP($B11,'Werkschema - Rekening'!$B$2:$P$46,7,FALSE),"")) | AG11: =IFERROR(IF(C11="",1.1,IF(V11="",1,IF($C11=1,VLOOKUP($B11,'Werkschema - Rekening'!$B$2:$I$46,8,FALSE),IF($C11=2,Instellingen!I$16,IF($C11=3,Instellingen!J$16,IF($C11=4,O11))))+$D11)+$Z11),1.1) | AH11: =IF($B11="","",IFERROR(VLOOKUP($B11,'Werkschema - Rekening'!$B$2:$P$46,9,FALSE),"")) | AI11: =IFERROR(IF(C11="",1.1,IF(W11="",1,IF($C11=1,VLOOKUP($B11,'Werkschema - Rekening'!$B$2:$K$46,10,FALSE),IF($C11=2,Instellingen!K$16,IF($C11=3,Instellingen!L$16,IF($C11=4,P11))))+$D11)+$Z11),1.1) | AJ11: =IF($B11="","",IFERROR(VLOOKUP($B11,'Werkschema - Rekening'!$B$2:$P$46,11,FALSE),"")) | AK11: =IFERROR(IF(C11="",1.1,IF(X11="",1,IF($C11=1,VLOOKUP($B11,'Werkschema - Rekening'!$B$2:$M$46,12,FALSE),IF($C11=2,Instellingen!M$16,IF($C11=3,Instellingen!N$16,IF($C11=4,Q11))))+$D11)+$Z11),1.1) | AL11: =IF($B11="","",IFERROR(VLOOKUP($B11,'Werkschema - Rekening'!$B$2:$P$46,13,FALSE),"")) | AM11: =IFERROR(IF(C11="",1.1,IF(Y11="",1,IF($C11=1,VLOOKUP($B11,'Werkschema - Rekening'!$B$2:$O$46,14,FALSE),IF($C11=2,Instellingen!O$16,IF($C11=3,Instellingen!P$16,IF($C11=4,R11))))+$D11)+$Z11),1.1) | AN11: =IF($B11="","",IFERROR(VLOOKUP($B11,'Werkschema - Rekening'!$B$2:$P$46,15,FALSE),"")) | AO11: =A11 | AP11: =B11
A12: ='Aanpassen Werkschema'!B42 | B12: ='Aanpassen Werkschema'!C42 | C12: =IF('Aanpassen Werkschema'!D42="geplande taak",1,IF('Aanpassen Werkschema'!D42="openingstijd",2,IF('Aanpassen Werkschema'!D42="sluitingstijd",3,IF('Aanpassen Werkschema'!D42="vaste tijd",4,"")))) | D12: ='Aanpassen Werkschema'!E42 | E12: =IF('Aanpassen Werkschema'!F42="v","x","") | F12: =IF('Aanpassen Werkschema'!G42="v","x","") | G12: =IF('Aanpassen Werkschema'!H42="v","x","") | H12: =IF('Aanpassen Werkschema'!I42="v","x","") | I12: =IF('Aanpassen Werkschema'!J42="v","x","") | J12: =IF('Aanpassen Werkschema'!K42="v","x","") | K12: =IF('Aanpassen Werkschema'!L42="v","x","") | L12: =IF('Aanpassen Werkschema'!M42>0,'Aanpassen Werkschema'!M42,"") | M12: =IF('Aanpassen Werkschema'!N42>0,'Aanpassen Werkschema'!N42,"") | N12: =IF('Aanpassen Werkschema'!O42>0,'Aanpassen Werkschema'!O42,"") | O12: =IF('Aanpassen Werkschema'!P42>0,'Aanpassen Werkschema'!P42,"") | P12: =IF('Aanpassen Werkschema'!Q42>0,'Aanpassen Werkschema'!Q42,"") | Q12: =IF('Aanpassen Werkschema'!R42>0,'Aanpassen Werkschema'!R42,"") | R12: =IF('Aanpassen Werkschema'!S42>0,'Aanpassen Werkschema'!S42,"") | S12: =IF('Aanpassen Werkschema'!T42="x","",IF('Aanpassen Werkschema'!N42="v","x",IF(E12="","",IF(E12="x","x")))) | T12: =IF('Aanpassen Werkschema'!U42="x","",IF('Aanpassen Werkschema'!O42="v","x",IF(F12="","",IF(F12="x","x")))) | U12: =IF('Aanpassen Werkschema'!V42="x","",IF('Aanpassen Werkschema'!P42="v","x",IF(G12="","",IF(G12="x","x")))) | V12: =IF('Aanpassen Werkschema'!W42="x","",IF('Aanpassen Werkschema'!Q42="v","x",IF(H12="","",IF(H12="x","x")))) | W12: =IF('Aanpassen Werkschema'!X42="x","",IF('Aanpassen Werkschema'!R42="v","x",IF(I12="","",IF(I12="x","x")))) | X12: =IF('Aanpassen Werkschema'!Y42="x","",IF('Aanpassen Werkschema'!S42="v","x",IF(J12="","",IF(J12="x","x")))) | Y12: =IF('Aanpassen Werkschema'!Z42="x","",IF('Aanpassen Werkschema'!T42="v","x",IF(K12="","",IF(K12="x","x")))) | Z12: =Z11+0.0000000001 | AA12: =IFERROR(IF(C12="",1.1,IF(S12="",1,IF($C12=1,VLOOKUP($B12,'Werkschema - Rekening'!$B$2:$C$46,2,FALSE),IF($C12=2,Instellingen!C$16,IF($C12=3,Instellingen!D$16,IF($C12=4,L12))))+$D12)+$Z12),1.1) | AB12: =IF($B12="","",IFERROR(VLOOKUP($B12,'Werkschema - Rekening'!$B$2:$P$46,3,FALSE),"")) | AC12: =IFERROR(IF(C12="",1.1,IF(T12="",1,IF($C12=1,VLOOKUP($B12,'Werkschema - Rekening'!$B$2:$E$46,4,FALSE),IF($C12=2,Instellingen!E$16,IF($C12=3,Instellingen!F$16,IF($C12=4,M12))))+$D12)+$Z12),1.1) | AD12: =IF($B12="","",IFERROR(VLOOKUP($B12,'Werkschema - Rekening'!$B$2:$P$46,5,FALSE),"")) | AE12: =IFERROR(IF(C12="",1.1,IF(U12="",1,IF($C12=1,VLOOKUP($B12,'Werkschema - Rekening'!$B$2:$G$46,6,FALSE),IF($C12=2,Instellingen!G$16,IF($C12=3,Instellingen!H$16,IF($C12=4,N12))))+$D12)+$Z12),1.1) | AF12: =IF($B12="","",IFERROR(VLOOKUP($B12,'Werkschema - Rekening'!$B$2:$P$46,7,FALSE),"")) | AG12: =IFERROR(IF(C12="",1.1,IF(V12="",1,IF($C12=1,VLOOKUP($B12,'Werkschema - Rekening'!$B$2:$I$46,8,FALSE),IF($C12=2,Instellingen!I$16,IF($C12=3,Instellingen!J$16,IF($C12=4,O12))))+$D12)+$Z12),1.1) | AH12: =IF($B12="","",IFERROR(VLOOKUP($B12,'Werkschema - Rekening'!$B$2:$P$46,9,FALSE),"")) | AI12: =IFERROR(IF(C12="",1.1,IF(W12="",1,IF($C12=1,VLOOKUP($B12,'Werkschema - Rekening'!$B$2:$K$46,10,FALSE),IF($C12=2,Instellingen!K$16,IF($C12=3,Instellingen!L$16,IF($C12=4,P12))))+$D12)+$Z12),1.1) | AJ12: =IF($B12="","",IFERROR(VLOOKUP($B12,'Werkschema - Rekening'!$B$2:$P$46,11,FALSE),"")) | AK12: =IFERROR(IF(C12="",1.1,IF(X12="",1,IF($C12=1,VLOOKUP($B12,'Werkschema - Rekening'!$B$2:$M$46,12,FALSE),IF($C12=2,Instellingen!M$16,IF($C12=3,Instellingen!N$16,IF($C12=4,Q12))))+$D12)+$Z12),1.1) | AL12: =IF($B12="","",IFERROR(VLOOKUP($B12,'Werkschema - Rekening'!$B$2:$P$46,13,FALSE),"")) | AM12: =IFERROR(IF(C12="",1.1,IF(Y12="",1,IF($C12=1,VLOOKUP($B12,'Werkschema - Rekening'!$B$2:$O$46,14,FALSE),IF($C12=2,Instellingen!O$16,IF($C12=3,Instellingen!P$16,IF($C12=4,R12))))+$D12)+$Z12),1.1) | AN12: =IF($B12="","",IFERROR(VLOOKUP($B12,'Werkschema - Rekening'!$B$2:$P$46,15,FALSE),"")) | AO12: =A12 | AP12: =B12
A13: ='Aanpassen Werkschema'!B43 | B13: ='Aanpassen Werkschema'!C43 | C13: =IF('Aanpassen Werkschema'!D43="geplande taak",1,IF('Aanpassen Werkschema'!D43="openingstijd",2,IF('Aanpassen Werkschema'!D43="sluitingstijd",3,IF('Aanpassen Werkschema'!D43="vaste tijd",4,"")))) | D13: ='Aanpassen Werkschema'!E43 | E13: =IF('Aanpassen Werkschema'!F43="v","x","") | F13: =IF('Aanpassen Werkschema'!G43="v","x","") | G13: =IF('Aanpassen Werkschema'!H43="v","x","") | H13: =IF('Aanpassen Werkschema'!I43="v","x","") | I13: =IF('Aanpassen Werkschema'!J43="v","x","") | J13: =IF('Aanpassen Werkschema'!K43="v","x","") | K13: =IF('Aanpassen Werkschema'!L43="v","x","") | L13: =IF('Aanpassen Werkschema'!M43>0,'Aanpassen Werkschema'!M43,"") | M13: =IF('Aanpassen Werkschema'!N43>0,'Aanpassen Werkschema'!N43,"") | N13: =IF('Aanpassen Werkschema'!O43>0,'Aanpassen Werkschema'!O43,"") | O13: =IF('Aanpassen Werkschema'!P43>0,'Aanpassen Werkschema'!P43,"") | P13: =IF('Aanpassen Werkschema'!Q43>0,'Aanpassen Werkschema'!Q43,"") | Q13: =IF('Aanpassen Werkschema'!R43>0,'Aanpassen Werkschema'!R43,"") | R13: =IF('Aanpassen Werkschema'!S43>0,'Aanpassen Werkschema'!S43,"") | S13: =IF('Aanpassen Werkschema'!T43="x","",IF('Aanpassen Werkschema'!N43="v","x",IF(E13="","",IF(E13="x","x")))) | T13: =IF('Aanpassen Werkschema'!U43="x","",IF('Aanpassen Werkschema'!O43="v","x",IF(F13="","",IF(F13="x","x")))) | U13: =IF('Aanpassen Werkschema'!V43="x","",IF('Aanpassen Werkschema'!P43="v","x",IF(G13="","",IF(G13="x","x")))) | V13: =IF('Aanpassen Werkschema'!W43="x","",IF('Aanpassen Werkschema'!Q43="v","x",IF(H13="","",IF(H13="x","x")))) | W13: =IF('Aanpassen Werkschema'!X43="x","",IF('Aanpassen Werkschema'!R43="v","x",IF(I13="","",IF(I13="x","x")))) | X13: =IF('Aanpassen Werkschema'!Y43="x","",IF('Aanpassen Werkschema'!S43="v","x",IF(J13="","",IF(J13="x","x")))) | Y13: =IF('Aanpassen Werkschema'!Z43="x","",IF('Aanpassen Werkschema'!T43="v","x",IF(K13="","",IF(K13="x","x")))) | Z13: =Z12+0.0000000001 | AA13: =IFERROR(IF(C13="",1.1,IF(S13="",1,IF($C13=1,VLOOKUP($B13,'Werkschema - Rekening'!$B$2:$C$46,2,FALSE),IF($C13=2,Instellingen!C$16,IF($C13=3,Instellingen!D$16,IF($C13=4,L13))))+$D13)+$Z13),1.1) | AB13: =IF($B13="","",IFERROR(VLOOKUP($B13,'Werkschema - Rekening'!$B$2:$P$46,3,FALSE),"")) | AC13: =IFERROR(IF(C13="",1.1,IF(T13="",1,IF($C13=1,VLOOKUP($B13,'Werkschema - Rekening'!$B$2:$E$46,4,FALSE),IF($C13=2,Instellingen!E$16,IF($C13=3,Instellingen!F$16,IF($C13=4,M13))))+$D13)+$Z13),1.1) | AD13: =IF($B13="","",IFERROR(VLOOKUP($B13,'Werkschema - Rekening'!$B$2:$P$46,5,FALSE),"")) | AE13: =IFERROR(IF(C13="",1.1,IF(U13="",1,IF($C13=1,VLOOKUP($B13,'Werkschema - Rekening'!$B$2:$G$46,6,FALSE),IF($C13=2,Instellingen!G$16,IF($C13=3,Instellingen!H$16,IF($C13=4,N13))))+$D13)+$Z13),1.1) | AF13: =IF($B13="","",IFERROR(VLOOKUP($B13,'Werkschema - Rekening'!$B$2:$P$46,7,FALSE),"")) | AG13: =IFERROR(IF(C13="",1.1,IF(V13="",1,IF($C13=1,VLOOKUP($B13,'Werkschema - Rekening'!$B$2:$I$46,8,FALSE),IF($C13=2,Instellingen!I$16,IF($C13=3,Instellingen!J$16,IF($C13=4,O13))))+$D13)+$Z13),1.1) | AH13: =IF($B13="","",IFERROR(VLOOKUP($B13,'Werkschema - Rekening'!$B$2:$P$46,9,FALSE),"")) | AI13: =IFERROR(IF(C13="",1.1,IF(W13="",1,IF($C13=1,VLOOKUP($B13,'Werkschema - Rekening'!$B$2:$K$46,10,FALSE),IF($C13=2,Instellingen!K$16,IF($C13=3,Instellingen!L$16,IF($C13=4,P13))))+$D13)+$Z13),1.1) | AJ13: =IF($B13="","",IFERROR(VLOOKUP($B13,'Werkschema - Rekening'!$B$2:$P$46,11,FALSE),"")) | AK13: =IFERROR(IF(C13="",1.1,IF(X13="",1,IF($C13=1,VLOOKUP($B13,'Werkschema - Rekening'!$B$2:$M$46,12,FALSE),IF($C13=2,Instellingen!M$16,IF($C13=3,Instellingen!N$16,IF($C13=4,Q13))))+$D13)+$Z13),1.1) | AL13: =IF($B13="","",IFERROR(VLOOKUP($B13,'Werkschema - Rekening'!$B$2:$P$46,13,FALSE),"")) | AM13: =IFERROR(IF(C13="",1.1,IF(Y13="",1,IF($C13=1,VLOOKUP($B13,'Werkschema - Rekening'!$B$2:$O$46,14,FALSE),IF($C13=2,Instellingen!O$16,IF($C13=3,Instellingen!P$16,IF($C13=4,R13))))+$D13)+$Z13),1.1) | AN13: =IF($B13="","",IFERROR(VLOOKUP($B13,'Werkschema - Rekening'!$B$2:$P$46,15,FALSE),"")) | AO13: =A13 | AP13: =B13
A14: ='Aanpassen Werkschema'!B44 | B14: ='Aanpassen Werkschema'!C44 | C14: =IF('Aanpassen Werkschema'!D44="geplande taak",1,IF('Aanpassen Werkschema'!D44="openingstijd",2,IF('Aanpassen Werkschema'!D44="sluitingstijd",3,IF('Aanpassen Werkschema'!D44="vaste tijd",4,"")))) | D14: ='Aanpassen Werkschema'!E44 | E14: =IF('Aanpassen Werkschema'!F44="v","x","") | F14: =IF('Aanpassen Werkschema'!G44="v","x","") | G14: =IF('Aanpassen Werkschema'!H44="v","x","") | H14: =IF('Aanpassen Werkschema'!I44="v","x","") | I14: =IF('Aanpassen Werkschema'!J44="v","x","") | J14: =IF('Aanpassen Werkschema'!K44="v","x","") | K14: =IF('Aanpassen Werkschema'!L44="v","x","") | L14: =IF('Aanpassen Werkschema'!M44>0,'Aanpassen Werkschema'!M44,"") | M14: =IF('Aanpassen Werkschema'!N44>0,'Aanpassen Werkschema'!N44,"") | N14: =IF('Aanpassen Werkschema'!O44>0,'Aanpassen Werkschema'!O44,"") | O14: =IF('Aanpassen Werkschema'!P44>0,'Aanpassen Werkschema'!P44,"") | P14: =IF('Aanpassen Werkschema'!Q44>0,'Aanpassen Werkschema'!Q44,"") | Q14: =IF('Aanpassen Werkschema'!R44>0,'Aanpassen Werkschema'!R44,"") | R14: =IF('Aanpassen Werkschema'!S44>0,'Aanpassen Werkschema'!S44,"") | S14: =IF('Aanpassen Werkschema'!T44="x","",IF('Aanpassen Werkschema'!N44="v","x",IF(E14="","",IF(E14="x","x")))) | T14: =IF('Aanpassen Werkschema'!U44="x","",IF('Aanpassen Werkschema'!O44="v","x",IF(F14="","",IF(F14="x","x")))) | U14: =IF('Aanpassen Werkschema'!V44="x","",IF('Aanpassen Werkschema'!P44="v","x",IF(G14="","",IF(G14="x","x")))) | V14: =IF('Aanpassen Werkschema'!W44="x","",IF('Aanpassen Werkschema'!Q44="v","x",IF(H14="","",IF(H14="x","x")))) | W14: =IF('Aanpassen Werkschema'!X44="x","",IF('Aanpassen Werkschema'!R44="v","x",IF(I14="","",IF(I14="x","x")))) | X14: =IF('Aanpassen Werkschema'!Y44="x","",IF('Aanpassen Werkschema'!S44="v","x",IF(J14="","",IF(J14="x","x")))) | Y14: =IF('Aanpassen Werkschema'!Z44="x","",IF('Aanpassen Werkschema'!T44="v","x",IF(K14="","",IF(K14="x","x")))) | Z14: =Z13+0.0000000001 | AA14: =IFERROR(IF(C14="",1.1,IF(S14="",1,IF($C14=1,VLOOKUP($B14,'Werkschema - Rekening'!$B$2:$C$46,2,FALSE),IF($C14=2,Instellingen!C$16,IF($C14=3,Instellingen!D$16,IF($C14=4,L14))))+$D14)+$Z14),1.1) | AB14: =IF($B14="","",IFERROR(VLOOKUP($B14,'Werkschema - Rekening'!$B$2:$P$46,3,FALSE),"")) | AC14: =IFERROR(IF(C14="",1.1,IF(T14="",1,IF($C14=1,VLOOKUP($B14,'Werkschema - Rekening'!$B$2:$E$46,4,FALSE),IF($C14=2,Instellingen!E$16,IF($C14=3,Instellingen!F$16,IF($C14=4,M14))))+$D14)+$Z14),1.1) | AD14: =IF($B14="","",IFERROR(VLOOKUP($B14,'Werkschema - Rekening'!$B$2:$P$46,5,FALSE),"")) | AE14: =IFERROR(IF(C14="",1.1,IF(U14="",1,IF($C14=1,VLOOKUP($B14,'Werkschema - Rekening'!$B$2:$G$46,6,FALSE),IF($C14=2,Instellingen!G$16,IF($C14=3,Instellingen!H$16,IF($C14=4,N14))))+$D14)+$Z14),1.1) | AF14: =IF($B14="","",IFERROR(VLOOKUP($B14,'Werkschema - Rekening'!$B$2:$P$46,7,FALSE),"")) | AG14: =IFERROR(IF(C14="",1.1,IF(V14="",1,IF($C14=1,VLOOKUP($B14,'Werkschema - Rekening'!$B$2:$I$46,8,FALSE),IF($C14=2,Instellingen!I$16,IF($C14=3,Instellingen!J$16,IF($C14=4,O14))))+$D14)+$Z14),1.1) | AH14: =IF($B14="","",IFERROR(VLOOKUP($B14,'Werkschema - Rekening'!$B$2:$P$46,9,FALSE),"")) | AI14: =IFERROR(IF(C14="",1.1,IF(W14="",1,IF($C14=1,VLOOKUP($B14,'Werkschema - Rekening'!$B$2:$K$46,10,FALSE),IF($C14=2,Instellingen!K$16,IF($C14=3,Instellingen!L$16,IF($C14=4,P14))))+$D14)+$Z14),1.1) | AJ14: =IF($B14="","",IFERROR(VLOOKUP($B14,'Werkschema - Rekening'!$B$2:$P$46,11,FALSE),"")) | AK14: =IFERROR(IF(C14="",1.1,IF(X14="",1,IF($C14=1,VLOOKUP($B14,'Werkschema - Rekening'!$B$2:$M$46,12,FALSE),IF($C14=2,Instellingen!M$16,IF($C14=3,Instellingen!N$16,IF($C14=4,Q14))))+$D14)+$Z14),1.1) | AL14: =IF($B14="","",IFERROR(VLOOKUP($B14,'Werkschema - Rekening'!$B$2:$P$46,13,FALSE),"")) | AM14: =IFERROR(IF(C14="",1.1,IF(Y14="",1,IF($C14=1,VLOOKUP($B14,'Werkschema - Rekening'!$B$2:$O$46,14,FALSE),IF($C14=2,Instellingen!O$16,IF($C14=3,Instellingen!P$16,IF($C14=4,R14))))+$D14)+$Z14),1.1) | AN14: =IF($B14="","",IFERROR(VLOOKUP($B14,'Werkschema - Rekening'!$B$2:$P$46,15,FALSE),"")) | AO14: =A14 | AP14: =B14
A15: ='Aanpassen Werkschema'!B45 | B15: ='Aanpassen Werkschema'!C45 | C15: =IF('Aanpassen Werkschema'!D45="geplande taak",1,IF('Aanpassen Werkschema'!D45="openingstijd",2,IF('Aanpassen Werkschema'!D45="sluitingstijd",3,IF('Aanpassen Werkschema'!D45="vaste tijd",4,"")))) | D15: ='Aanpassen Werkschema'!E45 | E15: =IF('Aanpassen Werkschema'!F45="v","x","") | F15: =IF('Aanpassen Werkschema'!G45="v","x","") | G15: =IF('Aanpassen Werkschema'!H45="v","x","") | H15: =IF('Aanpassen Werkschema'!I45="v","x","") | I15: =IF('Aanpassen Werkschema'!J45="v","x","") | J15: =IF('Aanpassen Werkschema'!K45="v","x","") | K15: =IF('Aanpassen Werkschema'!L45="v","x","") | L15: =IF('Aanpassen Werkschema'!M45>0,'Aanpassen Werkschema'!M45,"") | M15: =IF('Aanpassen Werkschema'!N45>0,'Aanpassen Werkschema'!N45,"") | N15: =IF('Aanpassen Werkschema'!O45>0,'Aanpassen Werkschema'!O45,"") | O15: =IF('Aanpassen Werkschema'!P45>0,'Aanpassen Werkschema'!P45,"") | P15: =IF('Aanpassen Werkschema'!Q45>0,'Aanpassen Werkschema'!Q45,"") | Q15: =IF('Aanpassen Werkschema'!R45>0,'Aanpassen Werkschema'!R45,"") | R15: =IF('Aanpassen Werkschema'!S45>0,'Aanpassen Werkschema'!S45,"") | S15: =IF('Aanpassen Werkschema'!T45="x","",IF('Aanpassen Werkschema'!N45="v","x",IF(E15="","",IF(E15="x","x")))) | T15: =IF('Aanpassen Werkschema'!U45="x","",IF('Aanpassen Werkschema'!O45="v","x",IF(F15="","",IF(F15="x","x")))) | U15: =IF('Aanpassen Werkschema'!V45="x","",IF('Aanpassen Werkschema'!P45="v","x",IF(G15="","",IF(G15="x","x")))) | V15: =IF('Aanpassen Werkschema'!W45="x","",IF('Aanpassen Werkschema'!Q45="v","x",IF(H15="","",IF(H15="x","x")))) | W15: =IF('Aanpassen Werkschema'!X45="x","",IF('Aanpassen Werkschema'!R45="v","x",IF(I15="","",IF(I15="x","x")))) | X15: =IF('Aanpassen Werkschema'!Y45="x","",IF('Aanpassen Werkschema'!S45="v","x",IF(J15="","",IF(J15="x","x")))) | Y15: =IF('Aanpassen Werkschema'!Z45="x","",IF('Aanpassen Werkschema'!T45="v","x",IF(K15="","",IF(K15="x","x")))) | Z15: =Z14+0.0000000001 | AA15: =IFERROR(IF(C15="",1.1,IF(S15="",1,IF($C15=1,VLOOKUP($B15,'Werkschema - Rekening'!$B$2:$C$46,2,FALSE),IF($C15=2,Instellingen!C$16,IF($C15=3,Instellingen!D$16,IF($C15=4,L15))))+$D15)+$Z15),1.1) | AB15: =IF($B15="","",IFERROR(VLOOKUP($B15,'Werkschema - Rekening'!$B$2:$P$46,3,FALSE),"")) | AC15: =IFERROR(IF(C15="",1.1,IF(T15="",1,IF($C15=1,VLOOKUP($B15,'Werkschema - Rekening'!$B$2:$E$46,4,FALSE),IF($C15=2,Instellingen!E$16,IF($C15=3,Instellingen!F$16,IF($C15=4,M15))))+$D15)+$Z15),1.1) | AD15: =IF($B15="","",IFERROR(VLOOKUP($B15,'Werkschema - Rekening'!$B$2:$P$46,5,FALSE),"")) | AE15: =IFERROR(IF(C15="",1.1,IF(U15="",1,IF($C15=1,VLOOKUP($B15,'Werkschema - Rekening'!$B$2:$G$46,6,FALSE),IF($C15=2,Instellingen!G$16,IF($C15=3,Instellingen!H$16,IF($C15=4,N15))))+$D15)+$Z15),1.1) | AF15: =IF($B15="","",IFERROR(VLOOKUP($B15,'Werkschema - Rekening'!$B$2:$P$46,7,FALSE),"")) | AG15: =IFERROR(IF(C15="",1.1,IF(V15="",1,IF($C15=1,VLOOKUP($B15,'Werkschema - Rekening'!$B$2:$I$46,8,FALSE),IF($C15=2,Instellingen!I$16,IF($C15=3,Instellingen!J$16,IF($C15=4,O15))))+$D15)+$Z15),1.1) | AH15: =IF($B15="","",IFERROR(VLOOKUP($B15,'Werkschema - Rekening'!$B$2:$P$46,9,FALSE),"")) | AI15: =IFERROR(IF(C15="",1.1,IF(W15="",1,IF($C15=1,VLOOKUP($B15,'Werkschema - Rekening'!$B$2:$K$46,10,FALSE),IF($C15=2,Instellingen!K$16,IF($C15=3,Instellingen!L$16,IF($C15=4,P15))))+$D15)+$Z15),1.1) | AJ15: =IF($B15="","",IFERROR(VLOOKUP($B15,'Werkschema - Rekening'!$B$2:$P$46,11,FALSE),"")) | AK15: =IFERROR(IF(C15="",1.1,IF(X15="",1,IF($C15=1,VLOOKUP($B15,'Werkschema - Rekening'!$B$2:$M$46,12,FALSE),IF($C15=2,Instellingen!M$16,IF($C15=3,Instellingen!N$16,IF($C15=4,Q15))))+$D15)+$Z15),1.1) | AL15: =IF($B15="","",IFERROR(VLOOKUP($B15,'Werkschema - Rekening'!$B$2:$P$46,13,FALSE),"")) | AM15: =IFERROR(IF(C15="",1.1,IF(Y15="",1,IF($C15=1,VLOOKUP($B15,'Werkschema - Rekening'!$B$2:$O$46,14,FALSE),IF($C15=2,Instellingen!O$16,IF($C15=3,Instellingen!P$16,IF($C15=4,R15))))+$D15)+$Z15),1.1) | AN15: =IF($B15="","",IFERROR(VLOOKUP($B15,'Werkschema - Rekening'!$B$2:$P$46,15,FALSE),"")) | AO15: =A15 | AP15: =B15
... A31: ='Aanpassen Werkschema'!B61 | B31: ='Aanpassen Werkschema'!C61 | C31: =IF('Aanpassen Werkschema'!D61="geplande taak",1,IF('Aanpassen Werkschema'!D61="openingstijd",2,IF('Aanpassen Werkschema'!D61="sluitingstijd",3,IF('Aanpassen Werkschema'!D61="vaste tijd",4,"")))) | D31: ='Aanpassen Werkschema'!E61 | E31: =IF('Aanpassen Werkschema'!F61="v","x","") | F31: =IF('Aanpassen Werkschema'!G61="v","x","") | G31: =IF('Aanpassen Werkschema'!H61="v","x","") | H31: =IF('Aanpassen Werkschema'!I61="v","x","") | I31: =IF('Aanpassen Werkschema'!J61="v","x","") | J31: =IF('Aanpassen Werkschema'!K61="v","x","") | K31: =IF('Aanpassen Werkschema'!L61="v","x","") | L31: =IF('Aanpassen Werkschema'!M61>0,'Aanpassen Werkschema'!M61,"") | M31: =IF('Aanpassen Werkschema'!N61>0,'Aanpassen Werkschema'!N61,"") | N31: =IF('Aanpassen Werkschema'!O61>0,'Aanpassen Werkschema'!O61,"") | O31: =IF('Aanpassen Werkschema'!P61>0,'Aanpassen Werkschema'!P61,"") | P31: =IF('Aanpassen Werkschema'!Q61>0,'Aanpassen Werkschema'!Q61,"") | Q31: =IF('Aanpassen Werkschema'!R61>0,'Aanpassen Werkschema'!R61,"") | R31: =IF('Aanpassen Werkschema'!S61>0,'Aanpassen Werkschema'!S61,"") | S31: =IF('Aanpassen Werkschema'!T61="x","",IF('Aanpassen Werkschema'!N61="v","x",IF(E31="","",IF(E31="x","x")))) | T31: =IF('Aanpassen Werkschema'!U61="x","",IF('Aanpassen Werkschema'!O61="v","x",IF(F31="","",IF(F31="x","x")))) | U31: =IF('Aanpassen Werkschema'!V61="x","",IF('Aanpassen Werkschema'!P61="v","x",IF(G31="","",IF(G31="x","x")))) | V31: =IF('Aanpassen Werkschema'!W61="x","",IF('Aanpassen Werkschema'!Q61="v","x",IF(H31="","",IF(H31="x","x")))) | W31: =IF('Aanpassen Werkschema'!X61="x","",IF('Aanpassen Werkschema'!R61="v","x",IF(I31="","",IF(I31="x","x")))) | X31: =IF('Aanpassen Werkschema'!Y61="x","",IF('Aanpassen Werkschema'!S61="v","x",IF(J31="","",IF(J31="x","x")))) | Y31: =IF('Aanpassen Werkschema'!Z61="x","",IF('Aanpassen Werkschema'!T61="v","x",IF(K31="","",IF(K31="x","x")))) | Z31: =Z30+0.0000000001 | AA31: =IFERROR(IF(C31="",1.1,IF(S31="",1,IF($C31=1,VLOOKUP($B31,'Werkschema - Rekening'!$B$2:$C$46,2,FALSE),IF($C31=2,Instellingen!C$16,IF($C31=3,Instellingen!D$16,IF($C31=4,L31))))+$D31)+$Z31),1.1) | AB31: =IF($B31="","",IFERROR(VLOOKUP($B31,'Werkschema - Rekening'!$B$2:$P$46,3,FALSE),"")) | AC31: =IFERROR(IF(C31="",1.1,IF(T31="",1,IF($C31=1,VLOOKUP($B31,'Werkschema - Rekening'!$B$2:$E$46,4,FALSE),IF($C31=2,Instellingen!E$16,IF($C31=3,Instellingen!F$16,IF($C31=4,M31))))+$D31)+$Z31),1.1) | AD31: =IF($B31="","",IFERROR(VLOOKUP($B31,'Werkschema - Rekening'!$B$2:$P$46,5,FALSE),"")) | AE31: =IFERROR(IF(C31="",1.1,IF(U31="",1,IF($C31=1,VLOOKUP($B31,'Werkschema - Rekening'!$B$2:$G$46,6,FALSE),IF($C31=2,Instellingen!G$16,IF($C31=3,Instellingen!H$16,IF($C31=4,N31))))+$D31)+$Z31),1.1) | AF31: =IF($B31="","",IFERROR(VLOOKUP($B31,'Werkschema - Rekening'!$B$2:$P$46,7,FALSE),"")) | AG31: =IFERROR(IF(C31="",1.1,IF(V31="",1,IF($C31=1,VLOOKUP($B31,'Werkschema - Rekening'!$B$2:$I$46,8,FALSE),IF($C31=2,Instellingen!I$16,IF($C31=3,Instellingen!J$16,IF($C31=4,O31))))+$D31)+$Z31),1.1) | AH31: =IF($B31="","",IFERROR(VLOOKUP($B31,'Werkschema - Rekening'!$B$2:$P$46,9,FALSE),"")) | AI31: =IFERROR(IF(C31="",1.1,IF(W31="",1,IF($C31=1,VLOOKUP($B31,'Werkschema - Rekening'!$B$2:$K$46,10,FALSE),IF($C31=2,Instellingen!K$16,IF($C31=3,Instellingen!L$16,IF($C31=4,P31))))+$D31)+$Z31),1.1) | AJ31: =IF($B31="","",IFERROR(VLOOKUP($B31,'Werkschema - Rekening'!$B$2:$P$46,11,FALSE),"")) | AK31: =IFERROR(IF(C31="",1.1,IF(X31="",1,IF($C31=1,VLOOKUP($B31,'Werkschema - Rekening'!$B$2:$M$46,12,FALSE),IF($C31=2,Instellingen!M$16,IF($C31=3,Instellingen!N$16,IF($C31=4,Q31))))+$D31)+$Z31),1.1) | AL31: =IF($B31="","",IFERROR(VLOOKUP($B31,'Werkschema - Rekening'!$B$2:$P$46,13,FALSE),"")) | AM31: =IFERROR(IF(C31="",1.1,IF(Y31="",1,IF($C31=1,VLOOKUP($B31,'Werkschema - Rekening'!$B$2:$O$46,14,FALSE),IF($C31=2,Instellingen!O$16,IF($C31=3,Instellingen!P$16,IF($C31=4,R31))))+$D31)+$Z31),1.1) | AN31: =IF($B31="","",IFERROR(VLOOKUP($B31,'Werkschema - Rekening'!$B$2:$P$46,15,FALSE),"")) | AO31: =A31 | AP31: =B31
A32: ='Aanpassen Werkschema'!B62 | B32: ='Aanpassen Werkschema'!C62 | C32: =IF('Aanpassen Werkschema'!D62="geplande taak",1,IF('Aanpassen Werkschema'!D62="openingstijd",2,IF('Aanpassen Werkschema'!D62="sluitingstijd",3,IF('Aanpassen Werkschema'!D62="vaste tijd",4,"")))) | D32: ='Aanpassen Werkschema'!E96 | E32: =IF('Aanpassen Werkschema'!F62="v","x","") | F32: =IF('Aanpassen Werkschema'!G62="v","x","") | G32: =IF('Aanpassen Werkschema'!H62="v","x","") | H32: =IF('Aanpassen Werkschema'!I62="v","x","") | I32: =IF('Aanpassen Werkschema'!J62="v","x","") | J32: =IF('Aanpassen Werkschema'!K62="v","x","") | K32: =IF('Aanpassen Werkschema'!L62="v","x","") | L32: =IF('Aanpassen Werkschema'!M62>0,'Aanpassen Werkschema'!M62,"") | M32: =IF('Aanpassen Werkschema'!N62>0,'Aanpassen Werkschema'!N62,"") | N32: =IF('Aanpassen Werkschema'!O62>0,'Aanpassen Werkschema'!O62,"") | O32: =IF('Aanpassen Werkschema'!P62>0,'Aanpassen Werkschema'!P62,"") | P32: =IF('Aanpassen Werkschema'!Q62>0,'Aanpassen Werkschema'!Q62,"") | Q32: =IF('Aanpassen Werkschema'!R62>0,'Aanpassen Werkschema'!R62,"") | R32: =IF('Aanpassen Werkschema'!S62>0,'Aanpassen Werkschema'!S62,"") | S32: =IF('Aanpassen Werkschema'!T62="x","",IF('Aanpassen Werkschema'!N62="v","x",IF(E32="","",IF(E32="x","x")))) | T32: =IF('Aanpassen Werkschema'!U62="x","",IF('Aanpassen Werkschema'!O62="v","x",IF(F32="","",IF(F32="x","x")))) | U32: =IF('Aanpassen Werkschema'!V62="x","",IF('Aanpassen Werkschema'!P62="v","x",IF(G32="","",IF(G32="x","x")))) | V32: =IF('Aanpassen Werkschema'!W62="x","",IF('Aanpassen Werkschema'!Q62="v","x",IF(H32="","",IF(H32="x","x")))) | W32: =IF('Aanpassen Werkschema'!X62="x","",IF('Aanpassen Werkschema'!R62="v","x",IF(I32="","",IF(I32="x","x")))) | X32: =IF('Aanpassen Werkschema'!Y62="x","",IF('Aanpassen Werkschema'!S62="v","x",IF(J32="","",IF(J32="x","x")))) | Y32: =IF('Aanpassen Werkschema'!Z62="x","",IF('Aanpassen Werkschema'!T62="v","x",IF(K32="","",IF(K32="x","x")))) | Z32: =Z31+0.0000000001 | AA32: =IFERROR(IF(C32="",1.1,IF(S32="",1,IF($C32=1,VLOOKUP($B32,'Werkschema - Rekening'!$B$2:$C$46,2,FALSE),IF($C32=2,Instellingen!C$16,IF($C32=3,Instellingen!D$16,IF($C32=4,L32))))+$D32)+$Z32),1.1) | AB32: =IF($B32="","",IFERROR(VLOOKUP($B32,'Werkschema - Rekening'!$B$2:$P$46,3,FALSE),"")) | AC32: =IFERROR(IF(C32="",1.1,IF(T32="",1,IF($C32=1,VLOOKUP($B32,'Werkschema - Rekening'!$B$2:$E$46,4,FALSE),IF($C32=2,Instellingen!E$16,IF($C32=3,Instellingen!F$16,IF($C32=4,M32))))+$D32)+$Z32),1.1) | AD32: =IF($B32="","",IFERROR(VLOOKUP($B32,'Werkschema - Rekening'!$B$2:$P$46,5,FALSE),"")) | AE32: =IFERROR(IF(C32="",1.1,IF(U32="",1,IF($C32=1,VLOOKUP($B32,'Werkschema - Rekening'!$B$2:$G$46,6,FALSE),IF($C32=2,Instellingen!G$16,IF($C32=3,Instellingen!H$16,IF($C32=4,N32))))+$D32)+$Z32),1.1) | AF32: =IF($B32="","",IFERROR(VLOOKUP($B32,'Werkschema - Rekening'!$B$2:$P$46,7,FALSE),"")) | AG32: =IFERROR(IF(C32="",1.1,IF(V32="",1,IF($C32=1,VLOOKUP($B32,'Werkschema - Rekening'!$B$2:$I$46,8,FALSE),IF($C32=2,Instellingen!I$16,IF($C32=3,Instellingen!J$16,IF($C32=4,O32))))+$D32)+$Z32),1.1) | AH32: =IF($B32="","",IFERROR(VLOOKUP($B32,'Werkschema - Rekening'!$B$2:$P$46,9,FALSE),"")) | AI32: =IFERROR(IF(C32="",1.1,IF(W32="",1,IF($C32=1,VLOOKUP($B32,'Werkschema - Rekening'!$B$2:$K$46,10,FALSE),IF($C32=2,Instellingen!K$16,IF($C32=3,Instellingen!L$16,IF($C32=4,P32))))+$D32)+$Z32),1.1) | AJ32: =IF($B32="","",IFERROR(VLOOKUP($B32,'Werkschema - Rekening'!$B$2:$P$46,11,FALSE),"")) | AK32: =IFERROR(IF(C32="",1.1,IF(X32="",1,IF($C32=1,VLOOKUP($B32,'Werkschema - Rekening'!$B$2:$M$46,12,FALSE),IF($C32=2,Instellingen!M$16,IF($C32=3,Instellingen!N$16,IF($C32=4,Q32))))+$D32)+$Z32),1.1) | AL32: =IF($B32="","",IFERROR(VLOOKUP($B32,'Werkschema - Rekening'!$B$2:$P$46,13,FALSE),"")) | AM32: =IFERROR(IF(C32="",1.1,IF(Y32="",1,IF($C32=1,VLOOKUP($B32,'Werkschema - Rekening'!$B$2:$O$46,14,FALSE),IF($C32=2,Instellingen!O$16,IF($C32=3,Instellingen!P$16,IF($C32=4,R32))))+$D32)+$Z32),1.1) | AN32: =IF($B32="","",IFERROR(VLOOKUP($B32,'Werkschema - Rekening'!$B$2:$P$46,15,FALSE),"")) | AO32: =A32 | AP32: =B32
A33: ='Aanpassen Werkschema'!B63 | B33: ='Aanpassen Werkschema'!C63 | C33: =IF('Aanpassen Werkschema'!D63="geplande taak",1,IF('Aanpassen Werkschema'!D63="openingstijd",2,IF('Aanpassen Werkschema'!D63="sluitingstijd",3,IF('Aanpassen Werkschema'!D63="vaste tijd",4,"")))) | D33: ='Aanpassen Werkschema'!E63 | E33: =IF('Aanpassen Werkschema'!F63="v","x","") | F33: =IF('Aanpassen Werkschema'!G63="v","x","") | G33: =IF('Aanpassen Werkschema'!H63="v","x","") | H33: =IF('Aanpassen Werkschema'!I63="v","x","") | I33: =IF('Aanpassen Werkschema'!J63="v","x","") | J33: =IF('Aanpassen Werkschema'!K63="v","x","") | K33: =IF('Aanpassen Werkschema'!L63="v","x","") | L33: =IF('Aanpassen Werkschema'!M63>0,'Aanpassen Werkschema'!M63,"") | M33: =IF('Aanpassen Werkschema'!N63>0,'Aanpassen Werkschema'!N63,"") | N33: =IF('Aanpassen Werkschema'!O63>0,'Aanpassen Werkschema'!O63,"") | O33: =IF('Aanpassen Werkschema'!P63>0,'Aanpassen Werkschema'!P63,"") | P33: =IF('Aanpassen Werkschema'!Q63>0,'Aanpassen Werkschema'!Q63,"") | Q33: =IF('Aanpassen Werkschema'!R63>0,'Aanpassen Werkschema'!R63,"") | R33: =IF('Aanpassen Werkschema'!S63>0,'Aanpassen Werkschema'!S63,"") | S33: =IF('Aanpassen Werkschema'!T63="x","",IF('Aanpassen Werkschema'!N63="v","x",IF(E33="","",IF(E33="x","x")))) | T33: =IF('Aanpassen Werkschema'!U63="x","",IF('Aanpassen Werkschema'!O63="v","x",IF(F33="","",IF(F33="x","x")))) | U33: =IF('Aanpassen Werkschema'!V63="x","",IF('Aanpassen Werkschema'!P63="v","x",IF(G33="","",IF(G33="x","x")))) | V33: =IF('Aanpassen Werkschema'!W63="x","",IF('Aanpassen Werkschema'!Q63="v","x",IF(H33="","",IF(H33="x","x")))) | W33: =IF('Aanpassen Werkschema'!X63="x","",IF('Aanpassen Werkschema'!R63="v","x",IF(I33="","",IF(I33="x","x")))) | X33: =IF('Aanpassen Werkschema'!Y63="x","",IF('Aanpassen Werkschema'!S63="v","x",IF(J33="","",IF(J33="x","x")))) | Y33: =IF('Aanpassen Werkschema'!Z63="x","",IF('Aanpassen Werkschema'!T63="v","x",IF(K33="","",IF(K33="x","x")))) | Z33: =Z32+0.0000000001 | AA33: =IFERROR(IF(C33="",1.1,IF(S33="",1,IF($C33=1,VLOOKUP($B33,'Werkschema - Rekening'!$B$2:$C$46,2,FALSE),IF($C33=2,Instellingen!C$16,IF($C33=3,Instellingen!D$16,IF($C33=4,L33))))+$D33)+$Z33),1.1) | AB33: =IF($B33="","",IFERROR(VLOOKUP($B33,'Werkschema - Rekening'!$B$2:$P$46,3,FALSE),"")) | AC33: =IFERROR(IF(C33="",1.1,IF(T33="",1,IF($C33=1,VLOOKUP($B33,'Werkschema - Rekening'!$B$2:$E$46,4,FALSE),IF($C33=2,Instellingen!E$16,IF($C33=3,Instellingen!F$16,IF($C33=4,M33))))+$D33)+$Z33),1.1) | AD33: =IF($B33="","",IFERROR(VLOOKUP($B33,'Werkschema - Rekening'!$B$2:$P$46,5,FALSE),"")) | AE33: =IFERROR(IF(C33="",1.1,IF(U33="",1,IF($C33=1,VLOOKUP($B33,'Werkschema - Rekening'!$B$2:$G$46,6,FALSE),IF($C33=2,Instellingen!G$16,IF($C33=3,Instellingen!H$16,IF($C33=4,N33))))+$D33)+$Z33),1.1) | AF33: =IF($B33="","",IFERROR(VLOOKUP($B33,'Werkschema - Rekening'!$B$2:$P$46,7,FALSE),"")) | AG33: =IFERROR(IF(C33="",1.1,IF(V33="",1,IF($C33=1,VLOOKUP($B33,'Werkschema - Rekening'!$B$2:$I$46,8,FALSE),IF($C33=2,Instellingen!I$16,IF($C33=3,Instellingen!J$16,IF($C33=4,O33))))+$D33)+$Z33),1.1) | AH33: =IF($B33="","",IFERROR(VLOOKUP($B33,'Werkschema - Rekening'!$B$2:$P$46,9,FALSE),"")) | AI33: =IFERROR(IF(C33="",1.1,IF(W33="",1,IF($C33=1,VLOOKUP($B33,'Werkschema - Rekening'!$B$2:$K$46,10,FALSE),IF($C33=2,Instellingen!K$16,IF($C33=3,Instellingen!L$16,IF($C33=4,P33))))+$D33)+$Z33),1.1) | AJ33: =IF($B33="","",IFERROR(VLOOKUP($B33,'Werkschema - Rekening'!$B$2:$P$46,11,FALSE),"")) | AK33: =IFERROR(IF(C33="",1.1,IF(X33="",1,IF($C33=1,VLOOKUP($B33,'Werkschema - Rekening'!$B$2:$M$46,12,FALSE),IF($C33=2,Instellingen!M$16,IF($C33=3,Instellingen!N$16,IF($C33=4,Q33))))+$D33)+$Z33),1.1) | AL33: =IF($B33="","",IFERROR(VLOOKUP($B33,'Werkschema - Rekening'!$B$2:$P$46,13,FALSE),"")) | AM33: =IFERROR(IF(C33="",1.1,IF(Y33="",1,IF($C33=1,VLOOKUP($B33,'Werkschema - Rekening'!$B$2:$O$46,14,FALSE),IF($C33=2,Instellingen!O$16,IF($C33=3,Instellingen!P$16,IF($C33=4,R33))))+$D33)+$Z33),1.1) | AN33: =IF($B33="","",IFERROR(VLOOKUP($B33,'Werkschema - Rekening'!$B$2:$P$46,15,FALSE),"")) | AO33: =A33 | AP33: =B33
A34: ='Aanpassen Werkschema'!B64 | B34: ='Aanpassen Werkschema'!C64 | C34: =IF('Aanpassen Werkschema'!D64="geplande taak",1,IF('Aanpassen Werkschema'!D64="openingstijd",2,IF('Aanpassen Werkschema'!D64="sluitingstijd",3,IF('Aanpassen Werkschema'!D64="vaste tijd",4,"")))) | D34: ='Aanpassen Werkschema'!E64 | E34: =IF('Aanpassen Werkschema'!F64="v","x","") | F34: =IF('Aanpassen Werkschema'!G64="v","x","") | G34: =IF('Aanpassen Werkschema'!H64="v","x","") | H34: =IF('Aanpassen Werkschema'!I64="v","x","") | I34: =IF('Aanpassen Werkschema'!J64="v","x","") | J34: =IF('Aanpassen Werkschema'!K64="v","x","") | K34: =IF('Aanpassen Werkschema'!L64="v","x","") | L34: =IF('Aanpassen Werkschema'!M64>0,'Aanpassen Werkschema'!M64,"") | M34: =IF('Aanpassen Werkschema'!N64>0,'Aanpassen Werkschema'!N64,"") | N34: =IF('Aanpassen Werkschema'!O64>0,'Aanpassen Werkschema'!O64,"") | O34: =IF('Aanpassen Werkschema'!P64>0,'Aanpassen Werkschema'!P64,"") | P34: =IF('Aanpassen Werkschema'!Q64>0,'Aanpassen Werkschema'!Q64,"") | Q34: =IF('Aanpassen Werkschema'!R64>0,'Aanpassen Werkschema'!R64,"") | R34: =IF('Aanpassen Werkschema'!S64>0,'Aanpassen Werkschema'!S64,"") | S34: =IF('Aanpassen Werkschema'!T64="x","",IF('Aanpassen Werkschema'!N64="v","x",IF(E34="","",IF(E34="x","x")))) | T34: =IF('Aanpassen Werkschema'!U64="x","",IF('Aanpassen Werkschema'!O64="v","x",IF(F34="","",IF(F34="x","x")))) | U34: =IF('Aanpassen Werkschema'!V64="x","",IF('Aanpassen Werkschema'!P64="v","x",IF(G34="","",IF(G34="x","x")))) | V34: =IF('Aanpassen Werkschema'!W64="x","",IF('Aanpassen Werkschema'!Q64="v","x",IF(H34="","",IF(H34="x","x")))) | W34: =IF('Aanpassen Werkschema'!X64="x","",IF('Aanpassen Werkschema'!R64="v","x",IF(I34="","",IF(I34="x","x")))) | X34: =IF('Aanpassen Werkschema'!Y64="x","",IF('Aanpassen Werkschema'!S64="v","x",IF(J34="","",IF(J34="x","x")))) | Y34: =IF('Aanpassen Werkschema'!Z64="x","",IF('Aanpassen Werkschema'!T64="v","x",IF(K34="","",IF(K34="x","x")))) | Z34: =Z33+0.0000000001 | AA34: =IFERROR(IF(C34="",1.1,IF(S34="",1,IF($C34=1,VLOOKUP($B34,'Werkschema - Rekening'!$B$2:$C$46,2,FALSE),IF($C34=2,Instellingen!C$16,IF($C34=3,Instellingen!D$16,IF($C34=4,L34))))+$D34)+$Z34),1.1) | AB34: =IF($B34="","",IFERROR(VLOOKUP($B34,'Werkschema - Rekening'!$B$2:$P$46,3,FALSE),"")) | AC34: =IFERROR(IF(C34="",1.1,IF(T34="",1,IF($C34=1,VLOOKUP($B34,'Werkschema - Rekening'!$B$2:$E$46,4,FALSE),IF($C34=2,Instellingen!E$16,IF($C34=3,Instellingen!F$16,IF($C34=4,M34))))+$D34)+$Z34),1.1) | AD34: =IF($B34="","",IFERROR(VLOOKUP($B34,'Werkschema - Rekening'!$B$2:$P$46,5,FALSE),"")) | AE34: =IFERROR(IF(C34="",1.1,IF(U34="",1,IF($C34=1,VLOOKUP($B34,'Werkschema - Rekening'!$B$2:$G$46,6,FALSE),IF($C34=2,Instellingen!G$16,IF($C34=3,Instellingen!H$16,IF($C34=4,N34))))+$D34)+$Z34),1.1) | AF34: =IF($B34="","",IFERROR(VLOOKUP($B34,'Werkschema - Rekening'!$B$2:$P$46,7,FALSE),"")) | AG34: =IFERROR(IF(C34="",1.1,IF(V34="",1,IF($C34=1,VLOOKUP($B34,'Werkschema - Rekening'!$B$2:$I$46,8,FALSE),IF($C34=2,Instellingen!I$16,IF($C34=3,Instellingen!J$16,IF($C34=4,O34))))+$D34)+$Z34),1.1) | AH34: =IF($B34="","",IFERROR(VLOOKUP($B34,'Werkschema - Rekening'!$B$2:$P$46,9,FALSE),"")) | AI34: =IFERROR(IF(C34="",1.1,IF(W34="",1,IF($C34=1,VLOOKUP($B34,'Werkschema - Rekening'!$B$2:$K$46,10,FALSE),IF($C34=2,Instellingen!K$16,IF($C34=3,Instellingen!L$16,IF($C34=4,P34))))+$D34)+$Z34),1.1) | AJ34: =IF($B34="","",IFERROR(VLOOKUP($B34,'Werkschema - Rekening'!$B$2:$P$46,11,FALSE),"")) | AK34: =IFERROR(IF(C34="",1.1,IF(X34="",1,IF($C34=1,VLOOKUP($B34,'Werkschema - Rekening'!$B$2:$M$46,12,FALSE),IF($C34=2,Instellingen!M$16,IF($C34=3,Instellingen!N$16,IF($C34=4,Q34))))+$D34)+$Z34),1.1) | AL34: =IF($B34="","",IFERROR(VLOOKUP($B34,'Werkschema - Rekening'!$B$2:$P$46,13,FALSE),"")) | AM34: =IFERROR(IF(C34="",1.1,IF(Y34="",1,IF($C34=1,VLOOKUP($B34,'Werkschema - Rekening'!$B$2:$O$46,14,FALSE),IF($C34=2,Instellingen!O$16,IF($C34=3,Instellingen!P$16,IF($C34=4,R34))))+$D34)+$Z34),1.1) | AN34: =IF($B34="","",IFERROR(VLOOKUP($B34,'Werkschema - Rekening'!$B$2:$P$46,15,FALSE),"")) | AO34: =A34 | AP34: =B34
A35: ='Aanpassen Werkschema'!B65 | B35: ='Aanpassen Werkschema'!C65 | C35: =IF('Aanpassen Werkschema'!D65="geplande taak",1,IF('Aanpassen Werkschema'!D65="openingstijd",2,IF('Aanpassen Werkschema'!D65="sluitingstijd",3,IF('Aanpassen Werkschema'!D65="vaste tijd",4,"")))) | D35: ='Aanpassen Werkschema'!E65 | E35: =IF('Aanpassen Werkschema'!F65="v","x","") | F35: =IF('Aanpassen Werkschema'!G65="v","x","") | G35: =IF('Aanpassen Werkschema'!H65="v","x","") | H35: =IF('Aanpassen Werkschema'!I65="v","x","") | I35: =IF('Aanpassen Werkschema'!J65="v","x","") | J35: =IF('Aanpassen Werkschema'!K65="v","x","") | K35: =IF('Aanpassen Werkschema'!L65="v","x","") | L35: =IF('Aanpassen Werkschema'!M65>0,'Aanpassen Werkschema'!M65,"") | M35: =IF('Aanpassen Werkschema'!N65>0,'Aanpassen Werkschema'!N65,"") | N35: =IF('Aanpassen Werkschema'!O65>0,'Aanpassen Werkschema'!O65,"") | O35: =IF('Aanpassen Werkschema'!P65>0,'Aanpassen Werkschema'!P65,"") | P35: =IF('Aanpassen Werkschema'!Q65>0,'Aanpassen Werkschema'!Q65,"") | Q35: =IF('Aanpassen Werkschema'!R65>0,'Aanpassen Werkschema'!R65,"") | R35: =IF('Aanpassen Werkschema'!S65>0,'Aanpassen Werkschema'!S65,"") | S35: =IF('Aanpassen Werkschema'!T65="x","",IF('Aanpassen Werkschema'!N65="v","x",IF(E35="","",IF(E35="x","x")))) | T35: =IF('Aanpassen Werkschema'!U65="x","",IF('Aanpassen Werkschema'!O65="v","x",IF(F35="","",IF(F35="x","x")))) | U35: =IF('Aanpassen Werkschema'!V65="x","",IF('Aanpassen Werkschema'!P65="v","x",IF(G35="","",IF(G35="x","x")))) | V35: =IF('Aanpassen Werkschema'!W65="x","",IF('Aanpassen Werkschema'!Q65="v","x",IF(H35="","",IF(H35="x","x")))) | W35: =IF('Aanpassen Werkschema'!X65="x","",IF('Aanpassen Werkschema'!R65="v","x",IF(I35="","",IF(I35="x","x")))) | X35: =IF('Aanpassen Werkschema'!Y65="x","",IF('Aanpassen Werkschema'!S65="v","x",IF(J35="","",IF(J35="x","x")))) | Y35: =IF('Aanpassen Werkschema'!Z65="x","",IF('Aanpassen Werkschema'!T65="v","x",IF(K35="","",IF(K35="x","x")))) | Z35: =Z34+0.0000000001 | AA35: =IFERROR(IF(C35="",1.1,IF(S35="",1,IF($C35=1,VLOOKUP($B35,'Werkschema - Rekening'!$B$2:$C$46,2,FALSE),IF($C35=2,Instellingen!C$16,IF($C35=3,Instellingen!D$16,IF($C35=4,L35))))+$D35)+$Z35),1.1) | AB35: =IF($B35="","",IFERROR(VLOOKUP($B35,'Werkschema - Rekening'!$B$2:$P$46,3,FALSE),"")) | AC35: =IFERROR(IF(C35="",1.1,IF(T35="",1,IF($C35=1,VLOOKUP($B35,'Werkschema - Rekening'!$B$2:$E$46,4,FALSE),IF($C35=2,Instellingen!E$16,IF($C35=3,Instellingen!F$16,IF($C35=4,M35))))+$D35)+$Z35),1.1) | AD35: =IF($B35="","",IFERROR(VLOOKUP($B35,'Werkschema - Rekening'!$B$2:$P$46,5,FALSE),"")) | AE35: =IFERROR(IF(C35="",1.1,IF(U35="",1,IF($C35=1,VLOOKUP($B35,'Werkschema - Rekening'!$B$2:$G$46,6,FALSE),IF($C35=2,Instellingen!G$16,IF($C35=3,Instellingen!H$16,IF($C35=4,N35))))+$D35)+$Z35),1.1) | AF35: =IF($B35="","",IFERROR(VLOOKUP($B35,'Werkschema - Rekening'!$B$2:$P$46,7,FALSE),"")) | AG35: =IFERROR(IF(C35="",1.1,IF(V35="",1,IF($C35=1,VLOOKUP($B35,'Werkschema - Rekening'!$B$2:$I$46,8,FALSE),IF($C35=2,Instellingen!I$16,IF($C35=3,Instellingen!J$16,IF($C35=4,O35))))+$D35)+$Z35),1.1) | AH35: =IF($B35="","",IFERROR(VLOOKUP($B35,'Werkschema - Rekening'!$B$2:$P$46,9,FALSE),"")) | AI35: =IFERROR(IF(C35="",1.1,IF(W35="",1,IF($C35=1,VLOOKUP($B35,'Werkschema - Rekening'!$B$2:$K$46,10,FALSE),IF($C35=2,Instellingen!K$16,IF($C35=3,Instellingen!L$16,IF($C35=4,P35))))+$D35)+$Z35),1.1) | AJ35: =IF($B35="","",IFERROR(VLOOKUP($B35,'Werkschema - Rekening'!$B$2:$P$46,11,FALSE),"")) | AK35: =IFERROR(IF(C35="",1.1,IF(X35="",1,IF($C35=1,VLOOKUP($B35,'Werkschema - Rekening'!$B$2:$M$46,12,FALSE),IF($C35=2,Instellingen!M$16,IF($C35=3,Instellingen!N$16,IF($C35=4,Q35))))+$D35)+$Z35),1.1) | AL35: =IF($B35="","",IFERROR(VLOOKUP($B35,'Werkschema - Rekening'!$B$2:$P$46,13,FALSE),"")) | AM35: =IFERROR(IF(C35="",1.1,IF(Y35="",1,IF($C35=1,VLOOKUP($B35,'Werkschema - Rekening'!$B$2:$O$46,14,FALSE),IF($C35=2,Instellingen!O$16,IF($C35=3,Instellingen!P$16,IF($C35=4,R35))))+$D35)+$Z35),1.1) | AN35: =IF($B35="","",IFERROR(VLOOKUP($B35,'Werkschema - Rekening'!$B$2:$P$46,15,FALSE),"")) | AO35: =A35 | AP35: =B35
A36: ='Aanpassen Werkschema'!B66 | B36: ='Aanpassen Werkschema'!C66 | C36: =IF('Aanpassen Werkschema'!D66="geplande taak",1,IF('Aanpassen Werkschema'!D66="openingstijd",2,IF('Aanpassen Werkschema'!D66="sluitingstijd",3,IF('Aanpassen Werkschema'!D66="vaste tijd",4,"")))) | D36: ='Aanpassen Werkschema'!E66 | E36: =IF('Aanpassen Werkschema'!F66="v","x","") | F36: =IF('Aanpassen Werkschema'!G66="v","x","") | G36: =IF('Aanpassen Werkschema'!H66="v","x","") | H36: =IF('Aanpassen Werkschema'!I66="v","x","") | I36: =IF('Aanpassen Werkschema'!J66="v","x","") | J36: =IF('Aanpassen Werkschema'!K66="v","x","") | K36: =IF('Aanpassen Werkschema'!L66="v","x","") | L36: =IF('Aanpassen Werkschema'!M66>0,'Aanpassen Werkschema'!M66,"") | M36: =IF('Aanpassen Werkschema'!N66>0,'Aanpassen Werkschema'!N66,"") | N36: =IF('Aanpassen Werkschema'!O66>0,'Aanpassen Werkschema'!O66,"") | O36: =IF('Aanpassen Werkschema'!P66>0,'Aanpassen Werkschema'!P66,"") | P36: =IF('Aanpassen Werkschema'!Q66>0,'Aanpassen Werkschema'!Q66,"") | Q36: =IF('Aanpassen Werkschema'!R66>0,'Aanpassen Werkschema'!R66,"") | R36: =IF('Aanpassen Werkschema'!S66>0,'Aanpassen Werkschema'!S66,"") | S36: =IF('Aanpassen Werkschema'!T66="x","",IF('Aanpassen Werkschema'!N66="v","x",IF(E36="","",IF(E36="x","x")))) | T36: =IF('Aanpassen Werkschema'!U66="x","",IF('Aanpassen Werkschema'!O66="v","x",IF(F36="","",IF(F36="x","x")))) | U36: =IF('Aanpassen Werkschema'!V66="x","",IF('Aanpassen Werkschema'!P66="v","x",IF(G36="","",IF(G36="x","x")))) | V36: =IF('Aanpassen Werkschema'!W66="x","",IF('Aanpassen Werkschema'!Q66="v","x",IF(H36="","",IF(H36="x","x")))) | W36: =IF('Aanpassen Werkschema'!X66="x","",IF('Aanpassen Werkschema'!R66="v","x",IF(I36="","",IF(I36="x","x")))) | X36: =IF('Aanpassen Werkschema'!Y66="x","",IF('Aanpassen Werkschema'!S66="v","x",IF(J36="","",IF(J36="x","x")))) | Y36: =IF('Aanpassen Werkschema'!Z66="x","",IF('Aanpassen Werkschema'!T66="v","x",IF(K36="","",IF(K36="x","x")))) | Z36: =Z35+0.0000000001 | AA36: =IFERROR(IF(C36="",1.1,IF(S36="",1,IF($C36=1,VLOOKUP($B36,'Werkschema - Rekening'!$B$2:$C$46,2,FALSE),IF($C36=2,Instellingen!C$16,IF($C36=3,Instellingen!D$16,IF($C36=4,L36))))+$D36)+$Z36),1.1) | AB36: =IF($B36="","",IFERROR(VLOOKUP($B36,'Werkschema - Rekening'!$B$2:$P$46,3,FALSE),"")) | AC36: =IFERROR(IF(C36="",1.1,IF(T36="",1,IF($C36=1,VLOOKUP($B36,'Werkschema - Rekening'!$B$2:$E$46,4,FALSE),IF($C36=2,Instellingen!E$16,IF($C36=3,Instellingen!F$16,IF($C36=4,M36))))+$D36)+$Z36),1.1) | AD36: =IF($B36="","",IFERROR(VLOOKUP($B36,'Werkschema - Rekening'!$B$2:$P$46,5,FALSE),"")) | AE36: =IFERROR(IF(C36="",1.1,IF(U36="",1,IF($C36=1,VLOOKUP($B36,'Werkschema - Rekening'!$B$2:$G$46,6,FALSE),IF($C36=2,Instellingen!G$16,IF($C36=3,Instellingen!H$16,IF($C36=4,N36))))+$D36)+$Z36),1.1) | AF36: =IF($B36="","",IFERROR(VLOOKUP($B36,'Werkschema - Rekening'!$B$2:$P$46,7,FALSE),"")) | AG36: =IFERROR(IF(C36="",1.1,IF(V36="",1,IF($C36=1,VLOOKUP($B36,'Werkschema - Rekening'!$B$2:$I$46,8,FALSE),IF($C36=2,Instellingen!I$16,IF($C36=3,Instellingen!J$16,IF($C36=4,O36))))+$D36)+$Z36),1.1) | AH36: =IF($B36="","",IFERROR(VLOOKUP($B36,'Werkschema - Rekening'!$B$2:$P$46,9,FALSE),"")) | AI36: =IFERROR(IF(C36="",1.1,IF(W36="",1,IF($C36=1,VLOOKUP($B36,'Werkschema - Rekening'!$B$2:$K$46,10,FALSE),IF($C36=2,Instellingen!K$16,IF($C36=3,Instellingen!L$16,IF($C36=4,P36))))+$D36)+$Z36),1.1) | AJ36: =IF($B36="","",IFERROR(VLOOKUP($B36,'Werkschema - Rekening'!$B$2:$P$46,11,FALSE),"")) | AK36: =IFERROR(IF(C36="",1.1,IF(X36="",1,IF($C36=1,VLOOKUP($B36,'Werkschema - Rekening'!$B$2:$M$46,12,FALSE),IF($C36=2,Instellingen!M$16,IF($C36=3,Instellingen!N$16,IF($C36=4,Q36))))+$D36)+$Z36),1.1) | AL36: =IF($B36="","",IFERROR(VLOOKUP($B36,'Werkschema - Rekening'!$B$2:$P$46,13,FALSE),"")) | AM36: =IFERROR(IF(C36="",1.1,IF(Y36="",1,IF($C36=1,VLOOKUP($B36,'Werkschema - Rekening'!$B$2:$O$46,14,FALSE),IF($C36=2,Instellingen!O$16,IF($C36=3,Instellingen!P$16,IF($C36=4,R36))))+$D36)+$Z36),1.1) | AN36: =IF($B36="","",IFERROR(VLOOKUP($B36,'Werkschema - Rekening'!$B$2:$P$46,15,FALSE),"")) | AO36: =A36 | AP36: =B36
A37: ='Aanpassen Werkschema'!B67 | B37: ='Aanpassen Werkschema'!C67 | C37: =IF('Aanpassen Werkschema'!D67="geplande taak",1,IF('Aanpassen Werkschema'!D67="openingstijd",2,IF('Aanpassen Werkschema'!D67="sluitingstijd",3,IF('Aanpassen Werkschema'!D67="vaste tijd",4,"")))) | D37: ='Aanpassen Werkschema'!E67 | E37: =IF('Aanpassen Werkschema'!F67="v","x","") | F37: =IF('Aanpassen Werkschema'!G67="v","x","") | G37: =IF('Aanpassen Werkschema'!H67="v","x","") | H37: =IF('Aanpassen Werkschema'!I67="v","x","") | I37: =IF('Aanpassen Werkschema'!J67="v","x","") | J37: =IF('Aanpassen Werkschema'!K67="v","x","") | K37: =IF('Aanpassen Werkschema'!L67="v","x","") | L37: =IF('Aanpassen Werkschema'!M67>0,'Aanpassen Werkschema'!M67,"") | M37: =IF('Aanpassen Werkschema'!N67>0,'Aanpassen Werkschema'!N67,"") | N37: =IF('Aanpassen Werkschema'!O67>0,'Aanpassen Werkschema'!O67,"") | O37: =IF('Aanpassen Werkschema'!P67>0,'Aanpassen Werkschema'!P67,"") | P37: =IF('Aanpassen Werkschema'!Q67>0,'Aanpassen Werkschema'!Q67,"") | Q37: =IF('Aanpassen Werkschema'!R67>0,'Aanpassen Werkschema'!R67,"") | R37: =IF('Aanpassen Werkschema'!S67>0,'Aanpassen Werkschema'!S67,"") | S37: =IF('Aanpassen Werkschema'!T67="x","",IF('Aanpassen Werkschema'!N67="v","x",IF(E37="","",IF(E37="x","x")))) | T37: =IF('Aanpassen Werkschema'!U67="x","",IF('Aanpassen Werkschema'!O67="v","x",IF(F37="","",IF(F37="x","x")))) | U37: =IF('Aanpassen Werkschema'!V67="x","",IF('Aanpassen Werkschema'!P67="v","x",IF(G37="","",IF(G37="x","x")))) | V37: =IF('Aanpassen Werkschema'!W67="x","",IF('Aanpassen Werkschema'!Q67="v","x",IF(H37="","",IF(H37="x","x")))) | W37: =IF('Aanpassen Werkschema'!X67="x","",IF('Aanpassen Werkschema'!R67="v","x",IF(I37="","",IF(I37="x","x")))) | X37: =IF('Aanpassen Werkschema'!Y67="x","",IF('Aanpassen Werkschema'!S67="v","x",IF(J37="","",IF(J37="x","x")))) | Y37: =IF('Aanpassen Werkschema'!Z67="x","",IF('Aanpassen Werkschema'!T67="v","x",IF(K37="","",IF(K37="x","x")))) | Z37: =Z36+0.0000000001 | AA37: =IFERROR(IF(C37="",1.1,IF(S37="",1,IF($C37=1,VLOOKUP($B37,'Werkschema - Rekening'!$B$2:$C$46,2,FALSE),IF($C37=2,Instellingen!C$16,IF($C37=3,Instellingen!D$16,IF($C37=4,L37))))+$D37)+$Z37),1.1) | AB37: =IF($B37="","",IFERROR(VLOOKUP($B37,'Werkschema - Rekening'!$B$2:$P$46,3,FALSE),"")) | AC37: =IFERROR(IF(C37="",1.1,IF(T37="",1,IF($C37=1,VLOOKUP($B37,'Werkschema - Rekening'!$B$2:$E$46,4,FALSE),IF($C37=2,Instellingen!E$16,IF($C37=3,Instellingen!F$16,IF($C37=4,M37))))+$D37)+$Z37),1.1) | AD37: =IF($B37="","",IFERROR(VLOOKUP($B37,'Werkschema - Rekening'!$B$2:$P$46,5,FALSE),"")) | AE37: =IFERROR(IF(C37="",1.1,IF(U37="",1,IF($C37=1,VLOOKUP($B37,'Werkschema - Rekening'!$B$2:$G$46,6,FALSE),IF($C37=2,Instellingen!G$16,IF($C37=3,Instellingen!H$16,IF($C37=4,N37))))+$D37)+$Z37),1.1) | AF37: =IF($B37="","",IFERROR(VLOOKUP($B37,'Werkschema - Rekening'!$B$2:$P$46,7,FALSE),"")) | AG37: =IFERROR(IF(C37="",1.1,IF(V37="",1,IF($C37=1,VLOOKUP($B37,'Werkschema - Rekening'!$B$2:$I$46,8,FALSE),IF($C37=2,Instellingen!I$16,IF($C37=3,Instellingen!J$16,IF($C37=4,O37))))+$D37)+$Z37),1.1) | AH37: =IF($B37="","",IFERROR(VLOOKUP($B37,'Werkschema - Rekening'!$B$2:$P$46,9,FALSE),"")) | AI37: =IFERROR(IF(C37="",1.1,IF(W37="",1,IF($C37=1,VLOOKUP($B37,'Werkschema - Rekening'!$B$2:$K$46,10,FALSE),IF($C37=2,Instellingen!K$16,IF($C37=3,Instellingen!L$16,IF($C37=4,P37))))+$D37)+$Z37),1.1) | AJ37: =IF($B37="","",IFERROR(VLOOKUP($B37,'Werkschema - Rekening'!$B$2:$P$46,11,FALSE),"")) | AK37: =IFERROR(IF(C37="",1.1,IF(X37="",1,IF($C37=1,VLOOKUP($B37,'Werkschema - Rekening'!$B$2:$M$46,12,FALSE),IF($C37=2,Instellingen!M$16,IF($C37=3,Instellingen!N$16,IF($C37=4,Q37))))+$D37)+$Z37),1.1) | AL37: =IF($B37="","",IFERROR(VLOOKUP($B37,'Werkschema - Rekening'!$B$2:$P$46,13,FALSE),"")) | AM37: =IFERROR(IF(C37="",1.1,IF(Y37="",1,IF($C37=1,VLOOKUP($B37,'Werkschema - Rekening'!$B$2:$O$46,14,FALSE),IF($C37=2,Instellingen!O$16,IF($C37=3,Instellingen!P$16,IF($C37=4,R37))))+$D37)+$Z37),1.1) | AN37: =IF($B37="","",IFERROR(VLOOKUP($B37,'Werkschema - Rekening'!$B$2:$P$46,15,FALSE),"")) | AO37: =A37 | AP37: =B37
A38: ='Aanpassen Werkschema'!B68 | B38: ='Aanpassen Werkschema'!C68 | C38: =IF('Aanpassen Werkschema'!D68="geplande taak",1,IF('Aanpassen Werkschema'!D68="openingstijd",2,IF('Aanpassen Werkschema'!D68="sluitingstijd",3,IF('Aanpassen Werkschema'!D68="vaste tijd",4,"")))) | D38: ='Aanpassen Werkschema'!E68 | E38: =IF('Aanpassen Werkschema'!F68="v","x","") | F38: =IF('Aanpassen Werkschema'!G68="v","x","") | G38: =IF('Aanpassen Werkschema'!H68="v","x","") | H38: =IF('Aanpassen Werkschema'!I68="v","x","") | I38: =IF('Aanpassen Werkschema'!J68="v","x","") | J38: =IF('Aanpassen Werkschema'!K68="v","x","") | K38: =IF('Aanpassen Werkschema'!L68="v","x","") | L38: =IF('Aanpassen Werkschema'!M68>0,'Aanpassen Werkschema'!M68,"") | M38: =IF('Aanpassen Werkschema'!N68>0,'Aanpassen Werkschema'!N68,"") | N38: =IF('Aanpassen Werkschema'!O68>0,'Aanpassen Werkschema'!O68,"") | O38: =IF('Aanpassen Werkschema'!P68>0,'Aanpassen Werkschema'!P68,"") | P38: =IF('Aanpassen Werkschema'!Q68>0,'Aanpassen Werkschema'!Q68,"") | Q38: =IF('Aanpassen Werkschema'!R68>0,'Aanpassen Werkschema'!R68,"") | R38: =IF('Aanpassen Werkschema'!S68>0,'Aanpassen Werkschema'!S68,"") | S38: =IF('Aanpassen Werkschema'!T68="x","",IF('Aanpassen Werkschema'!N68="v","x",IF(E38="","",IF(E38="x","x")))) | T38: =IF('Aanpassen Werkschema'!U68="x","",IF('Aanpassen Werkschema'!O68="v","x",IF(F38="","",IF(F38="x","x")))) | U38: =IF('Aanpassen Werkschema'!V68="x","",IF('Aanpassen Werkschema'!P68="v","x",IF(G38="","",IF(G38="x","x")))) | V38: =IF('Aanpassen Werkschema'!W68="x","",IF('Aanpassen Werkschema'!Q68="v","x",IF(H38="","",IF(H38="x","x")))) | W38: =IF('Aanpassen Werkschema'!X68="x","",IF('Aanpassen Werkschema'!R68="v","x",IF(I38="","",IF(I38="x","x")))) | X38: =IF('Aanpassen Werkschema'!Y68="x","",IF('Aanpassen Werkschema'!S68="v","x",IF(J38="","",IF(J38="x","x")))) | Y38: =IF('Aanpassen Werkschema'!Z68="x","",IF('Aanpassen Werkschema'!T68="v","x",IF(K38="","",IF(K38="x","x")))) | Z38: =Z37+0.0000000001 | AA38: =IFERROR(IF(C38="",1.1,IF(S38="",1,IF($C38=1,VLOOKUP($B38,'Werkschema - Rekening'!$B$2:$C$46,2,FALSE),IF($C38=2,Instellingen!C$16,IF($C38=3,Instellingen!D$16,IF($C38=4,L38))))+$D38)+$Z38),1.1) | AB38: =IF($B38="","",IFERROR(VLOOKUP($B38,'Werkschema - Rekening'!$B$2:$P$46,3,FALSE),"")) | AC38: =IFERROR(IF(C38="",1.1,IF(T38="",1,IF($C38=1,VLOOKUP($B38,'Werkschema - Rekening'!$B$2:$E$46,4,FALSE),IF($C38=2,Instellingen!E$16,IF($C38=3,Instellingen!F$16,IF($C38=4,M38))))+$D38)+$Z38),1.1) | AD38: =IF($B38="","",IFERROR(VLOOKUP($B38,'Werkschema - Rekening'!$B$2:$P$46,5,FALSE),"")) | AE38: =IFERROR(IF(C38="",1.1,IF(U38="",1,IF($C38=1,VLOOKUP($B38,'Werkschema - Rekening'!$B$2:$G$46,6,FALSE),IF($C38=2,Instellingen!G$16,IF($C38=3,Instellingen!H$16,IF($C38=4,N38))))+$D38)+$Z38),1.1) | AF38: =IF($B38="","",IFERROR(VLOOKUP($B38,'Werkschema - Rekening'!$B$2:$P$46,7,FALSE),"")) | AG38: =IFERROR(IF(C38="",1.1,IF(V38="",1,IF($C38=1,VLOOKUP($B38,'Werkschema - Rekening'!$B$2:$I$46,8,FALSE),IF($C38=2,Instellingen!I$16,IF($C38=3,Instellingen!J$16,IF($C38=4,O38))))+$D38)+$Z38),1.1) | AH38: =IF($B38="","",IFERROR(VLOOKUP($B38,'Werkschema - Rekening'!$B$2:$P$46,9,FALSE),"")) | AI38: =IFERROR(IF(C38="",1.1,IF(W38="",1,IF($C38=1,VLOOKUP($B38,'Werkschema - Rekening'!$B$2:$K$46,10,FALSE),IF($C38=2,Instellingen!K$16,IF($C38=3,Instellingen!L$16,IF($C38=4,P38))))+$D38)+$Z38),1.1) | AJ38: =IF($B38="","",IFERROR(VLOOKUP($B38,'Werkschema - Rekening'!$B$2:$P$46,11,FALSE),"")) | AK38: =IFERROR(IF(C38="",1.1,IF(X38="",1,IF($C38=1,VLOOKUP($B38,'Werkschema - Rekening'!$B$2:$M$46,12,FALSE),IF($C38=2,Instellingen!M$16,IF($C38=3,Instellingen!N$16,IF($C38=4,Q38))))+$D38)+$Z38),1.1) | AL38: =IF($B38="","",IFERROR(VLOOKUP($B38,'Werkschema - Rekening'!$B$2:$P$46,13,FALSE),"")) | AM38: =IFERROR(IF(C38="",1.1,IF(Y38="",1,IF($C38=1,VLOOKUP($B38,'Werkschema - Rekening'!$B$2:$O$46,14,FALSE),IF($C38=2,Instellingen!O$16,IF($C38=3,Instellingen!P$16,IF($C38=4,R38))))+$D38)+$Z38),1.1) | AN38: =IF($B38="","",IFERROR(VLOOKUP($B38,'Werkschema - Rekening'!$B$2:$P$46,15,FALSE),"")) | AO38: =A38 | AP38: =B38
A39: ='Aanpassen Werkschema'!B69 | B39: ='Aanpassen Werkschema'!C69 | C39: =IF('Aanpassen Werkschema'!D69="geplande taak",1,IF('Aanpassen Werkschema'!D69="openingstijd",2,IF('Aanpassen Werkschema'!D69="sluitingstijd",3,IF('Aanpassen Werkschema'!D69="vaste tijd",4,"")))) | D39: ='Aanpassen Werkschema'!E69 | E39: =IF('Aanpassen Werkschema'!F69="v","x","") | F39: =IF('Aanpassen Werkschema'!G69="v","x","") | G39: =IF('Aanpassen Werkschema'!H69="v","x","") | H39: =IF('Aanpassen Werkschema'!I69="v","x","") | I39: =IF('Aanpassen Werkschema'!J69="v","x","") | J39: =IF('Aanpassen Werkschema'!K69="v","x","") | K39: =IF('Aanpassen Werkschema'!L69="v","x","") | L39: =IF('Aanpassen Werkschema'!M69>0,'Aanpassen Werkschema'!M69,"") | M39: =IF('Aanpassen Werkschema'!N69>0,'Aanpassen Werkschema'!N69,"") | N39: =IF('Aanpassen Werkschema'!O69>0,'Aanpassen Werkschema'!O69,"") | O39: =IF('Aanpassen Werkschema'!P69>0,'Aanpassen Werkschema'!P69,"") | P39: =IF('Aanpassen Werkschema'!Q69>0,'Aanpassen Werkschema'!Q69,"") | Q39: =IF('Aanpassen Werkschema'!R69>0,'Aanpassen Werkschema'!R69,"") | R39: =IF('Aanpassen Werkschema'!S69>0,'Aanpassen Werkschema'!S69,"") | S39: =IF('Aanpassen Werkschema'!T69="x","",IF('Aanpassen Werkschema'!N69="v","x",IF(E39="","",IF(E39="x","x")))) | T39: =IF('Aanpassen Werkschema'!U69="x","",IF('Aanpassen Werkschema'!O69="v","x",IF(F39="","",IF(F39="x","x")))) | U39: =IF('Aanpassen Werkschema'!V69="x","",IF('Aanpassen Werkschema'!P69="v","x",IF(G39="","",IF(G39="x","x")))) | V39: =IF('Aanpassen Werkschema'!W69="x","",IF('Aanpassen Werkschema'!Q69="v","x",IF(H39="","",IF(H39="x","x")))) | W39: =IF('Aanpassen Werkschema'!X69="x","",IF('Aanpassen Werkschema'!R69="v","x",IF(I39="","",IF(I39="x","x")))) | X39: =IF('Aanpassen Werkschema'!Y69="x","",IF('Aanpassen Werkschema'!S69="v","x",IF(J39="","",IF(J39="x","x")))) | Y39: =IF('Aanpassen Werkschema'!Z69="x","",IF('Aanpassen Werkschema'!T69="v","x",IF(K39="","",IF(K39="x","x")))) | Z39: =Z38+0.0000000001 | AA39: =IFERROR(IF(C39="",1.1,IF(S39="",1,IF($C39=1,VLOOKUP($B39,'Werkschema - Rekening'!$B$2:$C$46,2,FALSE),IF($C39=2,Instellingen!C$16,IF($C39=3,Instellingen!D$16,IF($C39=4,L39))))+$D39)+$Z39),1.1) | AB39: =IF($B39="","",IFERROR(VLOOKUP($B39,'Werkschema - Rekening'!$B$2:$P$46,3,FALSE),"")) | AC39: =IFERROR(IF(C39="",1.1,IF(T39="",1,IF($C39=1,VLOOKUP($B39,'Werkschema - Rekening'!$B$2:$E$46,4,FALSE),IF($C39=2,Instellingen!E$16,IF($C39=3,Instellingen!F$16,IF($C39=4,M39))))+$D39)+$Z39),1.1) | AD39: =IF($B39="","",IFERROR(VLOOKUP($B39,'Werkschema - Rekening'!$B$2:$P$46,5,FALSE),"")) | AE39: =IFERROR(IF(C39="",1.1,IF(U39="",1,IF($C39=1,VLOOKUP($B39,'Werkschema - Rekening'!$B$2:$G$46,6,FALSE),IF($C39=2,Instellingen!G$16,IF($C39=3,Instellingen!H$16,IF($C39=4,N39))))+$D39)+$Z39),1.1) | AF39: =IF($B39="","",IFERROR(VLOOKUP($B39,'Werkschema - Rekening'!$B$2:$P$46,7,FALSE),"")) | AG39: =IFERROR(IF(C39="",1.1,IF(V39="",1,IF($C39=1,VLOOKUP($B39,'Werkschema - Rekening'!$B$2:$I$46,8,FALSE),IF($C39=2,Instellingen!I$16,IF($C39=3,Instellingen!J$16,IF($C39=4,O39))))+$D39)+$Z39),1.1) | AH39: =IF($B39="","",IFERROR(VLOOKUP($B39,'Werkschema - Rekening'!$B$2:$P$46,9,FALSE),"")) | AI39: =IFERROR(IF(C39="",1.1,IF(W39="",1,IF($C39=1,VLOOKUP($B39,'Werkschema - Rekening'!$B$2:$K$46,10,FALSE),IF($C39=2,Instellingen!K$16,IF($C39=3,Instellingen!L$16,IF($C39=4,P39))))+$D39)+$Z39),1.1) | AJ39: =IF($B39="","",IFERROR(VLOOKUP($B39,'Werkschema - Rekening'!$B$2:$P$46,11,FALSE),"")) | AK39: =IFERROR(IF(C39="",1.1,IF(X39="",1,IF($C39=1,VLOOKUP($B39,'Werkschema - Rekening'!$B$2:$M$46,12,FALSE),IF($C39=2,Instellingen!M$16,IF($C39=3,Instellingen!N$16,IF($C39=4,Q39))))+$D39)+$Z39),1.1) | AL39: =IF($B39="","",IFERROR(VLOOKUP($B39,'Werkschema - Rekening'!$B$2:$P$46,13,FALSE),"")) | AM39: =IFERROR(IF(C39="",1.1,IF(Y39="",1,IF($C39=1,VLOOKUP($B39,'Werkschema - Rekening'!$B$2:$O$46,14,FALSE),IF($C39=2,Instellingen!O$16,IF($C39=3,Instellingen!P$16,IF($C39=4,R39))))+$D39)+$Z39),1.1) | AN39: =IF($B39="","",IFERROR(VLOOKUP($B39,'Werkschema - Rekening'!$B$2:$P$46,15,FALSE),"")) | AO39: =A39 | AP39: =B39
A40: ='Aanpassen Werkschema'!B70 | B40: ='Aanpassen Werkschema'!C70 | C40: =IF('Aanpassen Werkschema'!D70="geplande taak",1,IF('Aanpassen Werkschema'!D70="openingstijd",2,IF('Aanpassen Werkschema'!D70="sluitingstijd",3,IF('Aanpassen Werkschema'!D70="vaste tijd",4,"")))) | D40: ='Aanpassen Werkschema'!E70 | E40: =IF('Aanpassen Werkschema'!F70="v","x","") | F40: =IF('Aanpassen Werkschema'!G70="v","x","") | G40: =IF('Aanpassen Werkschema'!H70="v","x","") | H40: =IF('Aanpassen Werkschema'!I70="v","x","") | I40: =IF('Aanpassen Werkschema'!J70="v","x","") | J40: =IF('Aanpassen Werkschema'!K70="v","x","") | K40: =IF('Aanpassen Werkschema'!L70="v","x","") | L40: =IF('Aanpassen Werkschema'!M70>0,'Aanpassen Werkschema'!M70,"") | M40: =IF('Aanpassen Werkschema'!N70>0,'Aanpassen Werkschema'!N70,"") | N40: =IF('Aanpassen Werkschema'!O70>0,'Aanpassen Werkschema'!O70,"") | O40: =IF('Aanpassen Werkschema'!P70>0,'Aanpassen Werkschema'!P70,"") | P40: =IF('Aanpassen Werkschema'!Q70>0,'Aanpassen Werkschema'!Q70,"") | Q40: =IF('Aanpassen Werkschema'!R70>0,'Aanpassen Werkschema'!R70,"") | R40: =IF('Aanpassen Werkschema'!S70>0,'Aanpassen Werkschema'!S70,"") | S40: =IF('Aanpassen Werkschema'!T70="x","",IF('Aanpassen Werkschema'!N70="v","x",IF(E40="","",IF(E40="x","x")))) | T40: =IF('Aanpassen Werkschema'!U70="x","",IF('Aanpassen Werkschema'!O70="v","x",IF(F40="","",IF(F40="x","x")))) | U40: =IF('Aanpassen Werkschema'!V70="x","",IF('Aanpassen Werkschema'!P70="v","x",IF(G40="","",IF(G40="x","x")))) | V40: =IF('Aanpassen Werkschema'!W70="x","",IF('Aanpassen Werkschema'!Q70="v","x",IF(H40="","",IF(H40="x","x")))) | W40: =IF('Aanpassen Werkschema'!X70="x","",IF('Aanpassen Werkschema'!R70="v","x",IF(I40="","",IF(I40="x","x")))) | X40: =IF('Aanpassen Werkschema'!Y70="x","",IF('Aanpassen Werkschema'!S70="v","x",IF(J40="","",IF(J40="x","x")))) | Y40: =IF('Aanpassen Werkschema'!Z70="x","",IF('Aanpassen Werkschema'!T70="v","x",IF(K40="","",IF(K40="x","x")))) | Z40: =Z39+0.0000000001 | AA40: =IFERROR(IF(C40="",1.1,IF(S40="",1,IF($C40=1,VLOOKUP($B40,'Werkschema - Rekening'!$B$2:$C$46,2,FALSE),IF($C40=2,Instellingen!C$16,IF($C40=3,Instellingen!D$16,IF($C40=4,L40))))+$D40)+$Z40),1.1) | AB40: =IF($B40="","",IFERROR(VLOOKUP($B40,'Werkschema - Rekening'!$B$2:$P$46,3,FALSE),"")) | AC40: =IFERROR(IF(C40="",1.1,IF(T40="",1,IF($C40=1,VLOOKUP($B40,'Werkschema - Rekening'!$B$2:$E$46,4,FALSE),IF($C40=2,Instellingen!E$16,IF($C40=3,Instellingen!F$16,IF($C40=4,M40))))+$D40)+$Z40),1.1) | AD40: =IF($B40="","",IFERROR(VLOOKUP($B40,'Werkschema - Rekening'!$B$2:$P$46,5,FALSE),"")) | AE40: =IFERROR(IF(C40="",1.1,IF(U40="",1,IF($C40=1,VLOOKUP($B40,'Werkschema - Rekening'!$B$2:$G$46,6,FALSE),IF($C40=2,Instellingen!G$16,IF($C40=3,Instellingen!H$16,IF($C40=4,N40))))+$D40)+$Z40),1.1) | AF40: =IF($B40="","",IFERROR(VLOOKUP($B40,'Werkschema - Rekening'!$B$2:$P$46,7,FALSE),"")) | AG40: =IFERROR(IF(C40="",1.1,IF(V40="",1,IF($C40=1,VLOOKUP($B40,'Werkschema - Rekening'!$B$2:$I$46,8,FALSE),IF($C40=2,Instellingen!I$16,IF($C40=3,Instellingen!J$16,IF($C40=4,O40))))+$D40)+$Z40),1.1) | AH40: =IF($B40="","",IFERROR(VLOOKUP($B40,'Werkschema - Rekening'!$B$2:$P$46,9,FALSE),"")) | AI40: =IFERROR(IF(C40="",1.1,IF(W40="",1,IF($C40=1,VLOOKUP($B40,'Werkschema - Rekening'!$B$2:$K$46,10,FALSE),IF($C40=2,Instellingen!K$16,IF($C40=3,Instellingen!L$16,IF($C40=4,P40))))+$D40)+$Z40),1.1) | AJ40: =IF($B40="","",IFERROR(VLOOKUP($B40,'Werkschema - Rekening'!$B$2:$P$46,11,FALSE),"")) | AK40: =IFERROR(IF(C40="",1.1,IF(X40="",1,IF($C40=1,VLOOKUP($B40,'Werkschema - Rekening'!$B$2:$M$46,12,FALSE),IF($C40=2,Instellingen!M$16,IF($C40=3,Instellingen!N$16,IF($C40=4,Q40))))+$D40)+$Z40),1.1) | AL40: =IF($B40="","",IFERROR(VLOOKUP($B40,'Werkschema - Rekening'!$B$2:$P$46,13,FALSE),"")) | AM40: =IFERROR(IF(C40="",1.1,IF(Y40="",1,IF($C40=1,VLOOKUP($B40,'Werkschema - Rekening'!$B$2:$O$46,14,FALSE),IF($C40=2,Instellingen!O$16,IF($C40=3,Instellingen!P$16,IF($C40=4,R40))))+$D40)+$Z40),1.1) | AN40: =IF($B40="","",IFERROR(VLOOKUP($B40,'Werkschema - Rekening'!$B$2:$P$46,15,FALSE),"")) | AO40: =A40 | AP40: =B40
A41: ='Aanpassen Werkschema'!B71 | B41: ='Aanpassen Werkschema'!C71 | C41: =IF('Aanpassen Werkschema'!D71="geplande taak",1,IF('Aanpassen Werkschema'!D71="openingstijd",2,IF('Aanpassen Werkschema'!D71="sluitingstijd",3,IF('Aanpassen Werkschema'!D71="vaste tijd",4,"")))) | D41: ='Aanpassen Werkschema'!E71 | E41: =IF('Aanpassen Werkschema'!F71="v","x","") | F41: =IF('Aanpassen Werkschema'!G71="v","x","") | G41: =IF('Aanpassen Werkschema'!H71="v","x","") | H41: =IF('Aanpassen Werkschema'!I71="v","x","") | I41: =IF('Aanpassen Werkschema'!J71="v","x","") | J41: =IF('Aanpassen Werkschema'!K71="v","x","") | K41: =IF('Aanpassen Werkschema'!L71="v","x","") | L41: =IF('Aanpassen Werkschema'!M71>0,'Aanpassen Werkschema'!M71,"") | M41: =IF('Aanpassen Werkschema'!N71>0,'Aanpassen Werkschema'!N71,"") | N41: =IF('Aanpassen Werkschema'!O71>0,'Aanpassen Werkschema'!O71,"") | O41: =IF('Aanpassen Werkschema'!P71>0,'Aanpassen Werkschema'!P71,"") | P41: =IF('Aanpassen Werkschema'!Q71>0,'Aanpassen Werkschema'!Q71,"") | Q41: =IF('Aanpassen Werkschema'!R71>0,'Aanpassen Werkschema'!R71,"") | R41: =IF('Aanpassen Werkschema'!S71>0,'Aanpassen Werkschema'!S71,"") | S41: =IF('Aanpassen Werkschema'!T71="x","",IF('Aanpassen Werkschema'!N71="v","x",IF(E41="","",IF(E41="x","x")))) | T41: =IF('Aanpassen Werkschema'!U71="x","",IF('Aanpassen Werkschema'!O71="v","x",IF(F41="","",IF(F41="x","x")))) | U41: =IF('Aanpassen Werkschema'!V71="x","",IF('Aanpassen Werkschema'!P71="v","x",IF(G41="","",IF(G41="x","x")))) | V41: =IF('Aanpassen Werkschema'!W71="x","",IF('Aanpassen Werkschema'!Q71="v","x",IF(H41="","",IF(H41="x","x")))) | W41: =IF('Aanpassen Werkschema'!X71="x","",IF('Aanpassen Werkschema'!R71="v","x",IF(I41="","",IF(I41="x","x")))) | X41: =IF('Aanpassen Werkschema'!Y71="x","",IF('Aanpassen Werkschema'!S71="v","x",IF(J41="","",IF(J41="x","x")))) | Y41: =IF('Aanpassen Werkschema'!Z71="x","",IF('Aanpassen Werkschema'!T71="v","x",IF(K41="","",IF(K41="x","x")))) | Z41: =Z40+0.0000000001 | AA41: =IFERROR(IF(C41="",1.1,IF(S41="",1,IF($C41=1,VLOOKUP($B41,'Werkschema - Rekening'!$B$2:$C$46,2,FALSE),IF($C41=2,Instellingen!C$16,IF($C41=3,Instellingen!D$16,IF($C41=4,L41))))+$D41)+$Z41),1.1) | AB41: =IF($B41="","",IFERROR(VLOOKUP($B41,'Werkschema - Rekening'!$B$2:$P$46,3,FALSE),"")) | AC41: =IFERROR(IF(C41="",1.1,IF(T41="",1,IF($C41=1,VLOOKUP($B41,'Werkschema - Rekening'!$B$2:$E$46,4,FALSE),IF($C41=2,Instellingen!E$16,IF($C41=3,Instellingen!F$16,IF($C41=4,M41))))+$D41)+$Z41),1.1) | AD41: =IF($B41="","",IFERROR(VLOOKUP($B41,'Werkschema - Rekening'!$B$2:$P$46,5,FALSE),"")) | AE41: =IFERROR(IF(C41="",1.1,IF(U41="",1,IF($C41=1,VLOOKUP($B41,'Werkschema - Rekening'!$B$2:$G$46,6,FALSE),IF($C41=2,Instellingen!G$16,IF($C41=3,Instellingen!H$16,IF($C41=4,N41))))+$D41)+$Z41),1.1) | AF41: =IF($B41="","",IFERROR(VLOOKUP($B41,'Werkschema - Rekening'!$B$2:$P$46,7,FALSE),"")) | AG41: =IFERROR(IF(C41="",1.1,IF(V41="",1,IF($C41=1,VLOOKUP($B41,'Werkschema - Rekening'!$B$2:$I$46,8,FALSE),IF($C41=2,Instellingen!I$16,IF($C41=3,Instellingen!J$16,IF($C41=4,O41))))+$D41)+$Z41),1.1) | AH41: =IF($B41="","",IFERROR(VLOOKUP($B41,'Werkschema - Rekening'!$B$2:$P$46,9,FALSE),"")) | AI41: =IFERROR(IF(C41="",1.1,IF(W41="",1,IF($C41=1,VLOOKUP($B41,'Werkschema - Rekening'!$B$2:$K$46,10,FALSE),IF($C41=2,Instellingen!K$16,IF($C41=3,Instellingen!L$16,IF($C41=4,P41))))+$D41)+$Z41),1.1) | AJ41: =IF($B41="","",IFERROR(VLOOKUP($B41,'Werkschema - Rekening'!$B$2:$P$46,11,FALSE),"")) | AK41: =IFERROR(IF(C41="",1.1,IF(X41="",1,IF($C41=1,VLOOKUP($B41,'Werkschema - Rekening'!$B$2:$M$46,12,FALSE),IF($C41=2,Instellingen!M$16,IF($C41=3,Instellingen!N$16,IF($C41=4,Q41))))+$D41)+$Z41),1.1) | AL41: =IF($B41="","",IFERROR(VLOOKUP($B41,'Werkschema - Rekening'!$B$2:$P$46,13,FALSE),"")) | AM41: =IFERROR(IF(C41="",1.1,IF(Y41="",1,IF($C41=1,VLOOKUP($B41,'Werkschema - Rekening'!$B$2:$O$46,14,FALSE),IF($C41=2,Instellingen!O$16,IF($C41=3,Instellingen!P$16,IF($C41=4,R41))))+$D41)+$Z41),1.1) | AN41: =IF($B41="","",IFERROR(VLOOKUP($B41,'Werkschema - Rekening'!$B$2:$P$46,15,FALSE),"")) | AO41: =A41 | AP41: =B41
A42: ='Aanpassen Werkschema'!B72 | B42: ='Aanpassen Werkschema'!C72 | C42: =IF('Aanpassen Werkschema'!D72="geplande taak",1,IF('Aanpassen Werkschema'!D72="openingstijd",2,IF('Aanpassen Werkschema'!D72="sluitingstijd",3,IF('Aanpassen Werkschema'!D72="vaste tijd",4,"")))) | D42: ='Aanpassen Werkschema'!E72 | E42: =IF('Aanpassen Werkschema'!F72="v","x","") | F42: =IF('Aanpassen Werkschema'!G72="v","x","") | G42: =IF('Aanpassen Werkschema'!H72="v","x","") | H42: =IF('Aanpassen Werkschema'!I72="v","x","") | I42: =IF('Aanpassen Werkschema'!J72="v","x","") | J42: =IF('Aanpassen Werkschema'!K72="v","x","") | K42: =IF('Aanpassen Werkschema'!L72="v","x","") | L42: =IF('Aanpassen Werkschema'!M72>0,'Aanpassen Werkschema'!M72,"") | M42: =IF('Aanpassen Werkschema'!N72>0,'Aanpassen Werkschema'!N72,"") | N42: =IF('Aanpassen Werkschema'!O72>0,'Aanpassen Werkschema'!O72,"") | O42: =IF('Aanpassen Werkschema'!P72>0,'Aanpassen Werkschema'!P72,"") | P42: =IF('Aanpassen Werkschema'!Q72>0,'Aanpassen Werkschema'!Q72,"") | Q42: =IF('Aanpassen Werkschema'!R72>0,'Aanpassen Werkschema'!R72,"") | R42: =IF('Aanpassen Werkschema'!S72>0,'Aanpassen Werkschema'!S72,"") | S42: =IF('Aanpassen Werkschema'!T72="x","",IF('Aanpassen Werkschema'!N72="v","x",IF(E42="","",IF(E42="x","x")))) | T42: =IF('Aanpassen Werkschema'!U72="x","",IF('Aanpassen Werkschema'!O72="v","x",IF(F42="","",IF(F42="x","x")))) | U42: =IF('Aanpassen Werkschema'!V72="x","",IF('Aanpassen Werkschema'!P72="v","x",IF(G42="","",IF(G42="x","x")))) | V42: =IF('Aanpassen Werkschema'!W72="x","",IF('Aanpassen Werkschema'!Q72="v","x",IF(H42="","",IF(H42="x","x")))) | W42: =IF('Aanpassen Werkschema'!X72="x","",IF('Aanpassen Werkschema'!R72="v","x",IF(I42="","",IF(I42="x","x")))) | X42: =IF('Aanpassen Werkschema'!Y72="x","",IF('Aanpassen Werkschema'!S72="v","x",IF(J42="","",IF(J42="x","x")))) | Y42: =IF('Aanpassen Werkschema'!Z72="x","",IF('Aanpassen Werkschema'!T72="v","x",IF(K42="","",IF(K42="x","x")))) | Z42: =Z41+0.0000000001 | AA42: =IFERROR(IF(C42="",1.1,IF(S42="",1,IF($C42=1,VLOOKUP($B42,'Werkschema - Rekening'!$B$2:$C$46,2,FALSE),IF($C42=2,Instellingen!C$16,IF($C42=3,Instellingen!D$16,IF($C42=4,L42))))+$D42)+$Z42),1.1) | AB42: =IF($B42="","",IFERROR(VLOOKUP($B42,'Werkschema - Rekening'!$B$2:$P$46,3,FALSE),"")) | AC42: =IFERROR(IF(C42="",1.1,IF(T42="",1,IF($C42=1,VLOOKUP($B42,'Werkschema - Rekening'!$B$2:$E$46,4,FALSE),IF($C42=2,Instellingen!E$16,IF($C42=3,Instellingen!F$16,IF($C42=4,M42))))+$D42)+$Z42),1.1) | AD42: =IF($B42="","",IFERROR(VLOOKUP($B42,'Werkschema - Rekening'!$B$2:$P$46,5,FALSE),"")) | AE42: =IFERROR(IF(C42="",1.1,IF(U42="",1,IF($C42=1,VLOOKUP($B42,'Werkschema - Rekening'!$B$2:$G$46,6,FALSE),IF($C42=2,Instellingen!G$16,IF($C42=3,Instellingen!H$16,IF($C42=4,N42))))+$D42)+$Z42),1.1) | AF42: =IF($B42="","",IFERROR(VLOOKUP($B42,'Werkschema - Rekening'!$B$2:$P$46,7,FALSE),"")) | AG42: =IFERROR(IF(C42="",1.1,IF(V42="",1,IF($C42=1,VLOOKUP($B42,'Werkschema - Rekening'!$B$2:$I$46,8,FALSE),IF($C42=2,Instellingen!I$16,IF($C42=3,Instellingen!J$16,IF($C42=4,O42))))+$D42)+$Z42),1.1) | AH42: =IF($B42="","",IFERROR(VLOOKUP($B42,'Werkschema - Rekening'!$B$2:$P$46,9,FALSE),"")) | AI42: =IFERROR(IF(C42="",1.1,IF(W42="",1,IF($C42=1,VLOOKUP($B42,'Werkschema - Rekening'!$B$2:$K$46,10,FALSE),IF($C42=2,Instellingen!K$16,IF($C42=3,Instellingen!L$16,IF($C42=4,P42))))+$D42)+$Z42),1.1) | AJ42: =IF($B42="","",IFERROR(VLOOKUP($B42,'Werkschema - Rekening'!$B$2:$P$46,11,FALSE),"")) | AK42: =IFERROR(IF(C42="",1.1,IF(X42="",1,IF($C42=1,VLOOKUP($B42,'Werkschema - Rekening'!$B$2:$M$46,12,FALSE),IF($C42=2,Instellingen!M$16,IF($C42=3,Instellingen!N$16,IF($C42=4,Q42))))+$D42)+$Z42),1.1) | AL42: =IF($B42="","",IFERROR(VLOOKUP($B42,'Werkschema - Rekening'!$B$2:$P$46,13,FALSE),"")) | AM42: =IFERROR(IF(C42="",1.1,IF(Y42="",1,IF($C42=1,VLOOKUP($B42,'Werkschema - Rekening'!$B$2:$O$46,14,FALSE),IF($C42=2,Instellingen!O$16,IF($C42=3,Instellingen!P$16,IF($C42=4,R42))))+$D42)+$Z42),1.1) | AN42: =IF($B42="","",IFERROR(VLOOKUP($B42,'Werkschema - Rekening'!$B$2:$P$46,15,FALSE),"")) | AO42: =A42 | AP42: =B42
A43: ='Aanpassen Werkschema'!B73 | B43: ='Aanpassen Werkschema'!C73 | C43: =IF('Aanpassen Werkschema'!D73="geplande taak",1,IF('Aanpassen Werkschema'!D73="openingstijd",2,IF('Aanpassen Werkschema'!D73="sluitingstijd",3,IF('Aanpassen Werkschema'!D73="vaste tijd",4,"")))) | D43: ='Aanpassen Werkschema'!E73 | E43: =IF('Aanpassen Werkschema'!F73="v","x","") | F43: =IF('Aanpassen Werkschema'!G73="v","x","") | G43: =IF('Aanpassen Werkschema'!H73="v","x","") | H43: =IF('Aanpassen Werkschema'!I73="v","x","") | I43: =IF('Aanpassen Werkschema'!J73="v","x","") | J43: =IF('Aanpassen Werkschema'!K73="v","x","") | K43: =IF('Aanpassen Werkschema'!L73="v","x","") | L43: =IF('Aanpassen Werkschema'!M73>0,'Aanpassen Werkschema'!M73,"") | M43: =IF('Aanpassen Werkschema'!N73>0,'Aanpassen Werkschema'!N73,"") | N43: =IF('Aanpassen Werkschema'!O73>0,'Aanpassen Werkschema'!O73,"") | O43: =IF('Aanpassen Werkschema'!P73>0,'Aanpassen Werkschema'!P73,"") | P43: =IF('Aanpassen Werkschema'!Q73>0,'Aanpassen Werkschema'!Q73,"") | Q43: =IF('Aanpassen Werkschema'!R73>0,'Aanpassen Werkschema'!R73,"") | R43: =IF('Aanpassen Werkschema'!S73>0,'Aanpassen Werkschema'!S73,"") | S43: =IF('Aanpassen Werkschema'!T73="x","",IF('Aanpassen Werkschema'!N73="v","x",IF(E43="","",IF(E43="x","x")))) | T43: =IF('Aanpassen Werkschema'!U73="x","",IF('Aanpassen Werkschema'!O73="v","x",IF(F43="","",IF(F43="x","x")))) | U43: =IF('Aanpassen Werkschema'!V73="x","",IF('Aanpassen Werkschema'!P73="v","x",IF(G43="","",IF(G43="x","x")))) | V43: =IF('Aanpassen Werkschema'!W73="x","",IF('Aanpassen Werkschema'!Q73="v","x",IF(H43="","",IF(H43="x","x")))) | W43: =IF('Aanpassen Werkschema'!X73="x","",IF('Aanpassen Werkschema'!R73="v","x",IF(I43="","",IF(I43="x","x")))) | X43: =IF('Aanpassen Werkschema'!Y73="x","",IF('Aanpassen Werkschema'!S73="v","x",IF(J43="","",IF(J43="x","x")))) | Y43: =IF('Aanpassen Werkschema'!Z73="x","",IF('Aanpassen Werkschema'!T73="v","x",IF(K43="","",IF(K43="x","x")))) | Z43: =Z42+0.0000000001 | AA43: =IFERROR(IF(C43="",1.1,IF(S43="",1,IF($C43=1,VLOOKUP($B43,'Werkschema - Rekening'!$B$2:$C$46,2,FALSE),IF($C43=2,Instellingen!C$16,IF($C43=3,Instellingen!D$16,IF($C43=4,L43))))+$D43)+$Z43),1.1) | AB43: =IF($B43="","",IFERROR(VLOOKUP($B43,'Werkschema - Rekening'!$B$2:$P$46,3,FALSE),"")) | AC43: =IFERROR(IF(C43="",1.1,IF(T43="",1,IF($C43=1,VLOOKUP($B43,'Werkschema - Rekening'!$B$2:$E$46,4,FALSE),IF($C43=2,Instellingen!E$16,IF($C43=3,Instellingen!F$16,IF($C43=4,M43))))+$D43)+$Z43),1.1) | AD43: =IF($B43="","",IFERROR(VLOOKUP($B43,'Werkschema - Rekening'!$B$2:$P$46,5,FALSE),"")) | AE43: =IFERROR(IF(C43="",1.1,IF(U43="",1,IF($C43=1,VLOOKUP($B43,'Werkschema - Rekening'!$B$2:$G$46,6,FALSE),IF($C43=2,Instellingen!G$16,IF($C43=3,Instellingen!H$16,IF($C43=4,N43))))+$D43)+$Z43),1.1) | AF43: =IF($B43="","",IFERROR(VLOOKUP($B43,'Werkschema - Rekening'!$B$2:$P$46,7,FALSE),"")) | AG43: =IFERROR(IF(C43="",1.1,IF(V43="",1,IF($C43=1,VLOOKUP($B43,'Werkschema - Rekening'!$B$2:$I$46,8,FALSE),IF($C43=2,Instellingen!I$16,IF($C43=3,Instellingen!J$16,IF($C43=4,O43))))+$D43)+$Z43),1.1) | AH43: =IF($B43="","",IFERROR(VLOOKUP($B43,'Werkschema - Rekening'!$B$2:$P$46,9,FALSE),"")) | AI43: =IFERROR(IF(C43="",1.1,IF(W43="",1,IF($C43=1,VLOOKUP($B43,'Werkschema - Rekening'!$B$2:$K$46,10,FALSE),IF($C43=2,Instellingen!K$16,IF($C43=3,Instellingen!L$16,IF($C43=4,P43))))+$D43)+$Z43),1.1) | AJ43: =IF($B43="","",IFERROR(VLOOKUP($B43,'Werkschema - Rekening'!$B$2:$P$46,11,FALSE),"")) | AK43: =IFERROR(IF(C43="",1.1,IF(X43="",1,IF($C43=1,VLOOKUP($B43,'Werkschema - Rekening'!$B$2:$M$46,12,FALSE),IF($C43=2,Instellingen!M$16,IF($C43=3,Instellingen!N$16,IF($C43=4,Q43))))+$D43)+$Z43),1.1) | AL43: =IF($B43="","",IFERROR(VLOOKUP($B43,'Werkschema - Rekening'!$B$2:$P$46,13,FALSE),"")) | AM43: =IFERROR(IF(C43="",1.1,IF(Y43="",1,IF($C43=1,VLOOKUP($B43,'Werkschema - Rekening'!$B$2:$O$46,14,FALSE),IF($C43=2,Instellingen!O$16,IF($C43=3,Instellingen!P$16,IF($C43=4,R43))))+$D43)+$Z43),1.1) | AN43: =IF($B43="","",IFERROR(VLOOKUP($B43,'Werkschema - Rekening'!$B$2:$P$46,15,FALSE),"")) | AO43: =A43 | AP43: =B43
A44: ='Aanpassen Werkschema'!B74 | B44: ='Aanpassen Werkschema'!C74 | C44: =IF('Aanpassen Werkschema'!D74="geplande taak",1,IF('Aanpassen Werkschema'!D74="openingstijd",2,IF('Aanpassen Werkschema'!D74="sluitingstijd",3,IF('Aanpassen Werkschema'!D74="vaste tijd",4,"")))) | D44: ='Aanpassen Werkschema'!E74 | E44: =IF('Aanpassen Werkschema'!F74="v","x","") | F44: =IF('Aanpassen Werkschema'!G74="v","x","") | G44: =IF('Aanpassen Werkschema'!H74="v","x","") | H44: =IF('Aanpassen Werkschema'!I74="v","x","") | I44: =IF('Aanpassen Werkschema'!J74="v","x","") | J44: =IF('Aanpassen Werkschema'!K74="v","x","") | K44: =IF('Aanpassen Werkschema'!L74="v","x","") | L44: =IF('Aanpassen Werkschema'!M74>0,'Aanpassen Werkschema'!M74,"") | M44: =IF('Aanpassen Werkschema'!N74>0,'Aanpassen Werkschema'!N74,"") | N44: =IF('Aanpassen Werkschema'!O74>0,'Aanpassen Werkschema'!O74,"") | O44: =IF('Aanpassen Werkschema'!P74>0,'Aanpassen Werkschema'!P74,"") | P44: =IF('Aanpassen Werkschema'!Q74>0,'Aanpassen Werkschema'!Q74,"") | Q44: =IF('Aanpassen Werkschema'!R74>0,'Aanpassen Werkschema'!R74,"") | R44: =IF('Aanpassen Werkschema'!S74>0,'Aanpassen Werkschema'!S74,"") | S44: =IF('Aanpassen Werkschema'!T74="x","",IF('Aanpassen Werkschema'!N74="v","x",IF(E44="","",IF(E44="x","x")))) | T44: =IF('Aanpassen Werkschema'!U74="x","",IF('Aanpassen Werkschema'!O74="v","x",IF(F44="","",IF(F44="x","x")))) | U44: =IF('Aanpassen Werkschema'!V74="x","",IF('Aanpassen Werkschema'!P74="v","x",IF(G44="","",IF(G44="x","x")))) | V44: =IF('Aanpassen Werkschema'!W74="x","",IF('Aanpassen Werkschema'!Q74="v","x",IF(H44="","",IF(H44="x","x")))) | W44: =IF('Aanpassen Werkschema'!X74="x","",IF('Aanpassen Werkschema'!R74="v","x",IF(I44="","",IF(I44="x","x")))) | X44: =IF('Aanpassen Werkschema'!Y74="x","",IF('Aanpassen Werkschema'!S74="v","x",IF(J44="","",IF(J44="x","x")))) | Y44: =IF('Aanpassen Werkschema'!Z74="x","",IF('Aanpassen Werkschema'!T74="v","x",IF(K44="","",IF(K44="x","x")))) | Z44: =Z43+0.0000000001 | AA44: =IFERROR(IF(C44="",1.1,IF(S44="",1,IF($C44=1,VLOOKUP($B44,'Werkschema - Rekening'!$B$2:$C$46,2,FALSE),IF($C44=2,Instellingen!C$16,IF($C44=3,Instellingen!D$16,IF($C44=4,L44))))+$D44)+$Z44),1.1) | AB44: =IF($B44="","",IFERROR(VLOOKUP($B44,'Werkschema - Rekening'!$B$2:$P$46,3,FALSE),"")) | AC44: =IFERROR(IF(C44="",1.1,IF(T44="",1,IF($C44=1,VLOOKUP($B44,'Werkschema - Rekening'!$B$2:$E$46,4,FALSE),IF($C44=2,Instellingen!E$16,IF($C44=3,Instellingen!F$16,IF($C44=4,M44))))+$D44)+$Z44),1.1) | AD44: =IF($B44="","",IFERROR(VLOOKUP($B44,'Werkschema - Rekening'!$B$2:$P$46,5,FALSE),"")) | AE44: =IFERROR(IF(C44="",1.1,IF(U44="",1,IF($C44=1,VLOOKUP($B44,'Werkschema - Rekening'!$B$2:$G$46,6,FALSE),IF($C44=2,Instellingen!G$16,IF($C44=3,Instellingen!H$16,IF($C44=4,N44))))+$D44)+$Z44),1.1) | AF44: =IF($B44="","",IFERROR(VLOOKUP($B44,'Werkschema - Rekening'!$B$2:$P$46,7,FALSE),"")) | AG44: =IFERROR(IF(C44="",1.1,IF(V44="",1,IF($C44=1,VLOOKUP($B44,'Werkschema - Rekening'!$B$2:$I$46,8,FALSE),IF($C44=2,Instellingen!I$16,IF($C44=3,Instellingen!J$16,IF($C44=4,O44))))+$D44)+$Z44),1.1) | AH44: =IF($B44="","",IFERROR(VLOOKUP($B44,'Werkschema - Rekening'!$B$2:$P$46,9,FALSE),"")) | AI44: =IFERROR(IF(C44="",1.1,IF(W44="",1,IF($C44=1,VLOOKUP($B44,'Werkschema - Rekening'!$B$2:$K$46,10,FALSE),IF($C44=2,Instellingen!K$16,IF($C44=3,Instellingen!L$16,IF($C44=4,P44))))+$D44)+$Z44),1.1) | AJ44: =IF($B44="","",IFERROR(VLOOKUP($B44,'Werkschema - Rekening'!$B$2:$P$46,11,FALSE),"")) | AK44: =IFERROR(IF(C44="",1.1,IF(X44="",1,IF($C44=1,VLOOKUP($B44,'Werkschema - Rekening'!$B$2:$M$46,12,FALSE),IF($C44=2,Instellingen!M$16,IF($C44=3,Instellingen!N$16,IF($C44=4,Q44))))+$D44)+$Z44),1.1) | AL44: =IF($B44="","",IFERROR(VLOOKUP($B44,'Werkschema - Rekening'!$B$2:$P$46,13,FALSE),"")) | AM44: =IFERROR(IF(C44="",1.1,IF(Y44="",1,IF($C44=1,VLOOKUP($B44,'Werkschema - Rekening'!$B$2:$O$46,14,FALSE),IF($C44=2,Instellingen!O$16,IF($C44=3,Instellingen!P$16,IF($C44=4,R44))))+$D44)+$Z44),1.1) | AN44: =IF($B44="","",IFERROR(VLOOKUP($B44,'Werkschema - Rekening'!$B$2:$P$46,15,FALSE),"")) | AO44: =A44 | AP44: =B44
... A65: ='Aanpassen Werkschema'!B95 | B65: ='Aanpassen Werkschema'!C95 | C65: =IF('Aanpassen Werkschema'!D95="geplande taak",1,IF('Aanpassen Werkschema'!D95="openingstijd",2,IF('Aanpassen Werkschema'!D95="sluitingstijd",3,IF('Aanpassen Werkschema'!D95="vaste tijd",4,"")))) | D65: ='Aanpassen Werkschema'!E95 | E65: =IF('Aanpassen Werkschema'!F95="v","x","") | F65: =IF('Aanpassen Werkschema'!G95="v","x","") | G65: =IF('Aanpassen Werkschema'!H95="v","x","") | H65: =IF('Aanpassen Werkschema'!I95="v","x","") | I65: =IF('Aanpassen Werkschema'!J95="v","x","") | J65: =IF('Aanpassen Werkschema'!K95="v","x","") | K65: =IF('Aanpassen Werkschema'!L95="v","x","") | L65: =IF('Aanpassen Werkschema'!M95>0,'Aanpassen Werkschema'!M95,"") | M65: =IF('Aanpassen Werkschema'!N95>0,'Aanpassen Werkschema'!N95,"") | N65: =IF('Aanpassen Werkschema'!O95>0,'Aanpassen Werkschema'!O95,"") | O65: =IF('Aanpassen Werkschema'!P95>0,'Aanpassen Werkschema'!P95,"") | P65: =IF('Aanpassen Werkschema'!Q95>0,'Aanpassen Werkschema'!Q95,"") | Q65: =IF('Aanpassen Werkschema'!R95>0,'Aanpassen Werkschema'!R95,"") | R65: =IF('Aanpassen Werkschema'!S95>0,'Aanpassen Werkschema'!S95,"") | S65: =IF('Aanpassen Werkschema'!T95="x","",IF('Aanpassen Werkschema'!N95="v","x",IF(E65="","",IF(E65="x","x")))) | T65: =IF('Aanpassen Werkschema'!U95="x","",IF('Aanpassen Werkschema'!O95="v","x",IF(F65="","",IF(F65="x","x")))) | U65: =IF('Aanpassen Werkschema'!V95="x","",IF('Aanpassen Werkschema'!P95="v","x",IF(G65="","",IF(G65="x","x")))) | V65: =IF('Aanpassen Werkschema'!W95="x","",IF('Aanpassen Werkschema'!Q95="v","x",IF(H65="","",IF(H65="x","x")))) | W65: =IF('Aanpassen Werkschema'!X95="x","",IF('Aanpassen Werkschema'!R95="v","x",IF(I65="","",IF(I65="x","x")))) | X65: =IF('Aanpassen Werkschema'!Y95="x","",IF('Aanpassen Werkschema'!S95="v","x",IF(J65="","",IF(J65="x","x")))) | Y65: =IF('Aanpassen Werkschema'!Z95="x","",IF('Aanpassen Werkschema'!T95="v","x",IF(K65="","",IF(K65="x","x")))) | Z65: =Z64+0.0000000001 | AA65: =IFERROR(IF(C65="",1.1,IF(S65="",1,IF($C65=1,VLOOKUP($B65,'Werkschema - Rekening'!$B$2:$C$46,2,FALSE),IF($C65=2,Instellingen!C$16,IF($C65=3,Instellingen!D$16,IF($C65=4,L65))))+$D65)+$Z65),1.1) | AB65: =IF($B65="","",IFERROR(VLOOKUP($B65,'Werkschema - Rekening'!$B$2:$P$46,3,FALSE),"")) | AC65: =IFERROR(IF(C65="",1.1,IF(T65="",1,IF($C65=1,VLOOKUP($B65,'Werkschema - Rekening'!$B$2:$E$46,4,FALSE),IF($C65=2,Instellingen!E$16,IF($C65=3,Instellingen!F$16,IF($C65=4,M65))))+$D65)+$Z65),1.1) | AD65: =IF($B65="","",IFERROR(VLOOKUP($B65,'Werkschema - Rekening'!$B$2:$P$46,5,FALSE),"")) | AE65: =IFERROR(IF(C65="",1.1,IF(U65="",1,IF($C65=1,VLOOKUP($B65,'Werkschema - Rekening'!$B$2:$G$46,6,FALSE),IF($C65=2,Instellingen!G$16,IF($C65=3,Instellingen!H$16,IF($C65=4,N65))))+$D65)+$Z65),1.1) | AF65: =IF($B65="","",IFERROR(VLOOKUP($B65,'Werkschema - Rekening'!$B$2:$P$46,7,FALSE),"")) | AG65: =IFERROR(IF(C65="",1.1,IF(V65="",1,IF($C65=1,VLOOKUP($B65,'Werkschema - Rekening'!$B$2:$I$46,8,FALSE),IF($C65=2,Instellingen!I$16,IF($C65=3,Instellingen!J$16,IF($C65=4,O65))))+$D65)+$Z65),1.1) | AH65: =IF($B65="","",IFERROR(VLOOKUP($B65,'Werkschema - Rekening'!$B$2:$P$46,9,FALSE),"")) | AI65: =IFERROR(IF(C65="",1.1,IF(W65="",1,IF($C65=1,VLOOKUP($B65,'Werkschema - Rekening'!$B$2:$K$46,10,FALSE),IF($C65=2,Instellingen!K$16,IF($C65=3,Instellingen!L$16,IF($C65=4,P65))))+$D65)+$Z65),1.1) | AJ65: =IF($B65="","",IFERROR(VLOOKUP($B65,'Werkschema - Rekening'!$B$2:$P$46,11,FALSE),"")) | AK65: =IFERROR(IF(C65="",1.1,IF(X65="",1,IF($C65=1,VLOOKUP($B65,'Werkschema - Rekening'!$B$2:$M$46,12,FALSE),IF($C65=2,Instellingen!M$16,IF($C65=3,Instellingen!N$16,IF($C65=4,Q65))))+$D65)+$Z65),1.1) | AL65: =IF($B65="","",IFERROR(VLOOKUP($B65,'Werkschema - Rekening'!$B$2:$P$46,13,FALSE),"")) | AM65: =IFERROR(IF(C65="",1.1,IF(Y65="",1,IF($C65=1,VLOOKUP($B65,'Werkschema - Rekening'!$B$2:$O$46,14,FALSE),IF($C65=2,Instellingen!O$16,IF($C65=3,Instellingen!P$16,IF($C65=4,R65))))+$D65)+$Z65),1.1) | AN65: =IF($B65="","",IFERROR(VLOOKUP($B65,'Werkschema - Rekening'!$B$2:$P$46,15,FALSE),"")) | AO65: =A65 | AP65: =B65
A66: ='Aanpassen Werkschema'!B96 | B66: ='Aanpassen Werkschema'!C96 | C66: =IF('Aanpassen Werkschema'!D96="geplande taak",1,IF('Aanpassen Werkschema'!D96="openingstijd",2,IF('Aanpassen Werkschema'!D96="sluitingstijd",3,IF('Aanpassen Werkschema'!D96="vaste tijd",4,"")))) | D66: ='Aanpassen Werkschema'!#REF! | E66: =IF('Aanpassen Werkschema'!F96="v","x","") | F66: =IF('Aanpassen Werkschema'!G96="v","x","") | G66: =IF('Aanpassen Werkschema'!H96="v","x","") | H66: =IF('Aanpassen Werkschema'!I96="v","x","") | I66: =IF('Aanpassen Werkschema'!J96="v","x","") | J66: =IF('Aanpassen Werkschema'!K96="v","x","") | K66: =IF('Aanpassen Werkschema'!L96="v","x","") | L66: =IF('Aanpassen Werkschema'!M96>0,'Aanpassen Werkschema'!M96,"") | M66: =IF('Aanpassen Werkschema'!N96>0,'Aanpassen Werkschema'!N96,"") | N66: =IF('Aanpassen Werkschema'!O96>0,'Aanpassen Werkschema'!O96,"") | O66: =IF('Aanpassen Werkschema'!P96>0,'Aanpassen Werkschema'!P96,"") | P66: =IF('Aanpassen Werkschema'!Q96>0,'Aanpassen Werkschema'!Q96,"") | Q66: =IF('Aanpassen Werkschema'!R96>0,'Aanpassen Werkschema'!R96,"") | R66: =IF('Aanpassen Werkschema'!S96>0,'Aanpassen Werkschema'!S96,"") | S66: =IF('Aanpassen Werkschema'!T96="x","",IF('Aanpassen Werkschema'!N96="v","x",IF(E66="","",IF(E66="x","x")))) | T66: =IF('Aanpassen Werkschema'!U96="x","",IF('Aanpassen Werkschema'!O96="v","x",IF(F66="","",IF(F66="x","x")))) | U66: =IF('Aanpassen Werkschema'!V96="x","",IF('Aanpassen Werkschema'!P96="v","x",IF(G66="","",IF(G66="x","x")))) | V66: =IF('Aanpassen Werkschema'!W96="x","",IF('Aanpassen Werkschema'!Q96="v","x",IF(H66="","",IF(H66="x","x")))) | W66: =IF('Aanpassen Werkschema'!X96="x","",IF('Aanpassen Werkschema'!R96="v","x",IF(I66="","",IF(I66="x","x")))) | X66: =IF('Aanpassen Werkschema'!Y96="x","",IF('Aanpassen Werkschema'!S96="v","x",IF(J66="","",IF(J66="x","x")))) | Y66: =IF('Aanpassen Werkschema'!Z96="x","",IF('Aanpassen Werkschema'!T96="v","x",IF(K66="","",IF(K66="x","x")))) | Z66: =Z65+0.0000000001 | AA66: =IFERROR(IF(C66="",1.1,IF(S66="",1,IF($C66=1,VLOOKUP($B66,'Werkschema - Rekening'!$B$2:$C$46,2,FALSE),IF($C66=2,Instellingen!C$16,IF($C66=3,Instellingen!D$16,IF($C66=4,L66))))+$D66)+$Z66),1.1) | AB66: =IF($B66="","",IFERROR(VLOOKUP($B66,'Werkschema - Rekening'!$B$2:$P$46,3,FALSE),"")) | AC66: =IFERROR(IF(C66="",1.1,IF(T66="",1,IF($C66=1,VLOOKUP($B66,'Werkschema - Rekening'!$B$2:$E$46,4,FALSE),IF($C66=2,Instellingen!E$16,IF($C66=3,Instellingen!F$16,IF($C66=4,M66))))+$D66)+$Z66),1.1) | AD66: =IF($B66="","",IFERROR(VLOOKUP($B66,'Werkschema - Rekening'!$B$2:$P$46,5,FALSE),"")) | AE66: =IFERROR(IF(C66="",1.1,IF(U66="",1,IF($C66=1,VLOOKUP($B66,'Werkschema - Rekening'!$B$2:$G$46,6,FALSE),IF($C66=2,Instellingen!G$16,IF($C66=3,Instellingen!H$16,IF($C66=4,N66))))+$D66)+$Z66),1.1) | AF66: =IF($B66="","",IFERROR(VLOOKUP($B66,'Werkschema - Rekening'!$B$2:$P$46,7,FALSE),"")) | AG66: =IFERROR(IF(C66="",1.1,IF(V66="",1,IF($C66=1,VLOOKUP($B66,'Werkschema - Rekening'!$B$2:$I$46,8,FALSE),IF($C66=2,Instellingen!I$16,IF($C66=3,Instellingen!J$16,IF($C66=4,O66))))+$D66)+$Z66),1.1) | AH66: =IF($B66="","",IFERROR(VLOOKUP($B66,'Werkschema - Rekening'!$B$2:$P$46,9,FALSE),"")) | AI66: =IFERROR(IF(C66="",1.1,IF(W66="",1,IF($C66=1,VLOOKUP($B66,'Werkschema - Rekening'!$B$2:$K$46,10,FALSE),IF($C66=2,Instellingen!K$16,IF($C66=3,Instellingen!L$16,IF($C66=4,P66))))+$D66)+$Z66),1.1) | AJ66: =IF($B66="","",IFERROR(VLOOKUP($B66,'Werkschema - Rekening'!$B$2:$P$46,11,FALSE),"")) | AK66: =IFERROR(IF(C66="",1.1,IF(X66="",1,IF($C66=1,VLOOKUP($B66,'Werkschema - Rekening'!$B$2:$M$46,12,FALSE),IF($C66=2,Instellingen!M$16,IF($C66=3,Instellingen!N$16,IF($C66=4,Q66))))+$D66)+$Z66),1.1) | AL66: =IF($B66="","",IFERROR(VLOOKUP($B66,'Werkschema - Rekening'!$B$2:$P$46,13,FALSE),"")) | AM66: =IFERROR(IF(C66="",1.1,IF(Y66="",1,IF($C66=1,VLOOKUP($B66,'Werkschema - Rekening'!$B$2:$O$46,14,FALSE),IF($C66=2,Instellingen!O$16,IF($C66=3,Instellingen!P$16,IF($C66=4,R66))))+$D66)+$Z66),1.1) | AN66: =IF($B66="","",IFERROR(VLOOKUP($B66,'Werkschema - Rekening'!$B$2:$P$46,15,FALSE),"")) | AO66: =A66 | AP66: =B66
A67: ='Aanpassen Werkschema'!B97 | B67: ='Aanpassen Werkschema'!C97 | C67: =IF('Aanpassen Werkschema'!D97="geplande taak",1,IF('Aanpassen Werkschema'!D97="openingstijd",2,IF('Aanpassen Werkschema'!D97="sluitingstijd",3,IF('Aanpassen Werkschema'!D97="vaste tijd",4,"")))) | D67: ='Aanpassen Werkschema'!E97 | E67: =IF('Aanpassen Werkschema'!F97="v","x","") | F67: =IF('Aanpassen Werkschema'!G97="v","x","") | G67: =IF('Aanpassen Werkschema'!H97="v","x","") | H67: =IF('Aanpassen Werkschema'!I97="v","x","") | I67: =IF('Aanpassen Werkschema'!J97="v","x","") | J67: =IF('Aanpassen Werkschema'!K97="v","x","") | K67: =IF('Aanpassen Werkschema'!L97="v","x","") | L67: =IF('Aanpassen Werkschema'!M97>0,'Aanpassen Werkschema'!M97,"") | M67: =IF('Aanpassen Werkschema'!N97>0,'Aanpassen Werkschema'!N97,"") | N67: =IF('Aanpassen Werkschema'!O97>0,'Aanpassen Werkschema'!O97,"") | O67: =IF('Aanpassen Werkschema'!P97>0,'Aanpassen Werkschema'!P97,"") | P67: =IF('Aanpassen Werkschema'!Q97>0,'Aanpassen Werkschema'!Q97,"") | Q67: =IF('Aanpassen Werkschema'!R97>0,'Aanpassen Werkschema'!R97,"") | R67: =IF('Aanpassen Werkschema'!S97>0,'Aanpassen Werkschema'!S97,"") | S67: =IF('Aanpassen Werkschema'!T97="x","",IF('Aanpassen Werkschema'!N97="v","x",IF(E67="","",IF(E67="x","x")))) | T67: =IF('Aanpassen Werkschema'!U97="x","",IF('Aanpassen Werkschema'!O97="v","x",IF(F67="","",IF(F67="x","x")))) | U67: =IF('Aanpassen Werkschema'!V97="x","",IF('Aanpassen Werkschema'!P97="v","x",IF(G67="","",IF(G67="x","x")))) | V67: =IF('Aanpassen Werkschema'!W97="x","",IF('Aanpassen Werkschema'!Q97="v","x",IF(H67="","",IF(H67="x","x")))) | W67: =IF('Aanpassen Werkschema'!X97="x","",IF('Aanpassen Werkschema'!R97="v","x",IF(I67="","",IF(I67="x","x")))) | X67: =IF('Aanpassen Werkschema'!Y97="x","",IF('Aanpassen Werkschema'!S97="v","x",IF(J67="","",IF(J67="x","x")))) | Y67: =IF('Aanpassen Werkschema'!Z97="x","",IF('Aanpassen Werkschema'!T97="v","x",IF(K67="","",IF(K67="x","x")))) | Z67: =Z66+0.0000000001 | AA67: =IFERROR(IF(C67="",1.1,IF(S67="",1,IF($C67=1,VLOOKUP($B67,'Werkschema - Rekening'!$B$2:$C$46,2,FALSE),IF($C67=2,Instellingen!C$16,IF($C67=3,Instellingen!D$16,IF($C67=4,L67))))+$D67)+$Z67),1.1) | AB67: =IF($B67="","",IFERROR(VLOOKUP($B67,'Werkschema - Rekening'!$B$2:$P$46,3,FALSE),"")) | AC67: =IFERROR(IF(C67="",1.1,IF(T67="",1,IF($C67=1,VLOOKUP($B67,'Werkschema - Rekening'!$B$2:$E$46,4,FALSE),IF($C67=2,Instellingen!E$16,IF($C67=3,Instellingen!F$16,IF($C67=4,M67))))+$D67)+$Z67),1.1) | AD67: =IF($B67="","",IFERROR(VLOOKUP($B67,'Werkschema - Rekening'!$B$2:$P$46,5,FALSE),"")) | AE67: =IFERROR(IF(C67="",1.1,IF(U67="",1,IF($C67=1,VLOOKUP($B67,'Werkschema - Rekening'!$B$2:$G$46,6,FALSE),IF($C67=2,Instellingen!G$16,IF($C67=3,Instellingen!H$16,IF($C67=4,N67))))+$D67)+$Z67),1.1) | AF67: =IF($B67="","",IFERROR(VLOOKUP($B67,'Werkschema - Rekening'!$B$2:$P$46,7,FALSE),"")) | AG67: =IFERROR(IF(C67="",1.1,IF(V67="",1,IF($C67=1,VLOOKUP($B67,'Werkschema - Rekening'!$B$2:$I$46,8,FALSE),IF($C67=2,Instellingen!I$16,IF($C67=3,Instellingen!J$16,IF($C67=4,O67))))+$D67)+$Z67),1.1) | AH67: =IF($B67="","",IFERROR(VLOOKUP($B67,'Werkschema - Rekening'!$B$2:$P$46,9,FALSE),"")) | AI67: =IFERROR(IF(C67="",1.1,IF(W67="",1,IF($C67=1,VLOOKUP($B67,'Werkschema - Rekening'!$B$2:$K$46,10,FALSE),IF($C67=2,Instellingen!K$16,IF($C67=3,Instellingen!L$16,IF($C67=4,P67))))+$D67)+$Z67),1.1) | AJ67: =IF($B67="","",IFERROR(VLOOKUP($B67,'Werkschema - Rekening'!$B$2:$P$46,11,FALSE),"")) | AK67: =IFERROR(IF(C67="",1.1,IF(X67="",1,IF($C67=1,VLOOKUP($B67,'Werkschema - Rekening'!$B$2:$M$46,12,FALSE),IF($C67=2,Instellingen!M$16,IF($C67=3,Instellingen!N$16,IF($C67=4,Q67))))+$D67)+$Z67),1.1) | AL67: =IF($B67="","",IFERROR(VLOOKUP($B67,'Werkschema - Rekening'!$B$2:$P$46,13,FALSE),"")) | AM67: =IFERROR(IF(C67="",1.1,IF(Y67="",1,IF($C67=1,VLOOKUP($B67,'Werkschema - Rekening'!$B$2:$O$46,14,FALSE),IF($C67=2,Instellingen!O$16,IF($C67=3,Instellingen!P$16,IF($C67=4,R67))))+$D67)+$Z67),1.1) | AN67: =IF($B67="","",IFERROR(VLOOKUP($B67,'Werkschema - Rekening'!$B$2:$P$46,15,FALSE),"")) | AO67: =A67 | AP67: =B67
A68: ='Aanpassen Werkschema'!B98 | B68: ='Aanpassen Werkschema'!C98 | C68: =IF('Aanpassen Werkschema'!D98="geplande taak",1,IF('Aanpassen Werkschema'!D98="openingstijd",2,IF('Aanpassen Werkschema'!D98="sluitingstijd",3,IF('Aanpassen Werkschema'!D98="vaste tijd",4,"")))) | D68: ='Aanpassen Werkschema'!E98 | E68: =IF('Aanpassen Werkschema'!F98="v","x","") | F68: =IF('Aanpassen Werkschema'!G98="v","x","") | G68: =IF('Aanpassen Werkschema'!H98="v","x","") | H68: =IF('Aanpassen Werkschema'!I98="v","x","") | I68: =IF('Aanpassen Werkschema'!J98="v","x","") | J68: =IF('Aanpassen Werkschema'!K98="v","x","") | K68: =IF('Aanpassen Werkschema'!L98="v","x","") | L68: =IF('Aanpassen Werkschema'!M98>0,'Aanpassen Werkschema'!M98,"") | M68: =IF('Aanpassen Werkschema'!N98>0,'Aanpassen Werkschema'!N98,"") | N68: =IF('Aanpassen Werkschema'!O98>0,'Aanpassen Werkschema'!O98,"") | O68: =IF('Aanpassen Werkschema'!P98>0,'Aanpassen Werkschema'!P98,"") | P68: =IF('Aanpassen Werkschema'!Q98>0,'Aanpassen Werkschema'!Q98,"") | Q68: =IF('Aanpassen Werkschema'!R98>0,'Aanpassen Werkschema'!R98,"") | R68: =IF('Aanpassen Werkschema'!S98>0,'Aanpassen Werkschema'!S98,"") | S68: =IF('Aanpassen Werkschema'!T98="x","",IF('Aanpassen Werkschema'!N98="v","x",IF(E68="","",IF(E68="x","x")))) | T68: =IF('Aanpassen Werkschema'!U98="x","",IF('Aanpassen Werkschema'!O98="v","x",IF(F68="","",IF(F68="x","x")))) | U68: =IF('Aanpassen Werkschema'!V98="x","",IF('Aanpassen Werkschema'!P98="v","x",IF(G68="","",IF(G68="x","x")))) | V68: =IF('Aanpassen Werkschema'!W98="x","",IF('Aanpassen Werkschema'!Q98="v","x",IF(H68="","",IF(H68="x","x")))) | W68: =IF('Aanpassen Werkschema'!X98="x","",IF('Aanpassen Werkschema'!R98="v","x",IF(I68="","",IF(I68="x","x")))) | X68: =IF('Aanpassen Werkschema'!Y98="x","",IF('Aanpassen Werkschema'!S98="v","x",IF(J68="","",IF(J68="x","x")))) | Y68: =IF('Aanpassen Werkschema'!Z98="x","",IF('Aanpassen Werkschema'!T98="v","x",IF(K68="","",IF(K68="x","x")))) | Z68: =Z67+0.0000000001 | AA68: =IFERROR(IF(C68="",1.1,IF(S68="",1,IF($C68=1,VLOOKUP($B68,'Werkschema - Rekening'!$B$2:$C$46,2,FALSE),IF($C68=2,Instellingen!C$16,IF($C68=3,Instellingen!D$16,IF($C68=4,L68))))+$D68)+$Z68),1.1) | AB68: =IF($B68="","",IFERROR(VLOOKUP($B68,'Werkschema - Rekening'!$B$2:$P$46,3,FALSE),"")) | AC68: =IFERROR(IF(C68="",1.1,IF(T68="",1,IF($C68=1,VLOOKUP($B68,'Werkschema - Rekening'!$B$2:$E$46,4,FALSE),IF($C68=2,Instellingen!E$16,IF($C68=3,Instellingen!F$16,IF($C68=4,M68))))+$D68)+$Z68),1.1) | AD68: =IF($B68="","",IFERROR(VLOOKUP($B68,'Werkschema - Rekening'!$B$2:$P$46,5,FALSE),"")) | AE68: =IFERROR(IF(C68="",1.1,IF(U68="",1,IF($C68=1,VLOOKUP($B68,'Werkschema - Rekening'!$B$2:$G$46,6,FALSE),IF($C68=2,Instellingen!G$16,IF($C68=3,Instellingen!H$16,IF($C68=4,N68))))+$D68)+$Z68),1.1) | AF68: =IF($B68="","",IFERROR(VLOOKUP($B68,'Werkschema - Rekening'!$B$2:$P$46,7,FALSE),"")) | AG68: =IFERROR(IF(C68="",1.1,IF(V68="",1,IF($C68=1,VLOOKUP($B68,'Werkschema - Rekening'!$B$2:$I$46,8,FALSE),IF($C68=2,Instellingen!I$16,IF($C68=3,Instellingen!J$16,IF($C68=4,O68))))+$D68)+$Z68),1.1) | AH68: =IF($B68="","",IFERROR(VLOOKUP($B68,'Werkschema - Rekening'!$B$2:$P$46,9,FALSE),"")) | AI68: =IFERROR(IF(C68="",1.1,IF(W68="",1,IF($C68=1,VLOOKUP($B68,'Werkschema - Rekening'!$B$2:$K$46,10,FALSE),IF($C68=2,Instellingen!K$16,IF($C68=3,Instellingen!L$16,IF($C68=4,P68))))+$D68)+$Z68),1.1) | AJ68: =IF($B68="","",IFERROR(VLOOKUP($B68,'Werkschema - Rekening'!$B$2:$P$46,11,FALSE),"")) | AK68: =IFERROR(IF(C68="",1.1,IF(X68="",1,IF($C68=1,VLOOKUP($B68,'Werkschema - Rekening'!$B$2:$M$46,12,FALSE),IF($C68=2,Instellingen!M$16,IF($C68=3,Instellingen!N$16,IF($C68=4,Q68))))+$D68)+$Z68),1.1) | AL68: =IF($B68="","",IFERROR(VLOOKUP($B68,'Werkschema - Rekening'!$B$2:$P$46,13,FALSE),"")) | AM68: =IFERROR(IF(C68="",1.1,IF(Y68="",1,IF($C68=1,VLOOKUP($B68,'Werkschema - Rekening'!$B$2:$O$46,14,FALSE),IF($C68=2,Instellingen!O$16,IF($C68=3,Instellingen!P$16,IF($C68=4,R68))))+$D68)+$Z68),1.1) | AN68: =IF($B68="","",IFERROR(VLOOKUP($B68,'Werkschema - Rekening'!$B$2:$P$46,15,FALSE),"")) | AO68: =A68 | AP68: =B68
A69: ='Aanpassen Werkschema'!B99 | B69: ='Aanpassen Werkschema'!C99 | C69: =IF('Aanpassen Werkschema'!D99="geplande taak",1,IF('Aanpassen Werkschema'!D99="openingstijd",2,IF('Aanpassen Werkschema'!D99="sluitingstijd",3,IF('Aanpassen Werkschema'!D99="vaste tijd",4,"")))) | D69: ='Aanpassen Werkschema'!E99 | E69: =IF('Aanpassen Werkschema'!F99="v","x","") | F69: =IF('Aanpassen Werkschema'!G99="v","x","") | G69: =IF('Aanpassen Werkschema'!H99="v","x","") | H69: =IF('Aanpassen Werkschema'!I99="v","x","") | I69: =IF('Aanpassen Werkschema'!J99="v","x","") | J69: =IF('Aanpassen Werkschema'!K99="v","x","") | K69: =IF('Aanpassen Werkschema'!L99="v","x","") | L69: =IF('Aanpassen Werkschema'!M99>0,'Aanpassen Werkschema'!M99,"") | M69: =IF('Aanpassen Werkschema'!N99>0,'Aanpassen Werkschema'!N99,"") | N69: =IF('Aanpassen Werkschema'!O99>0,'Aanpassen Werkschema'!O99,"") | O69: =IF('Aanpassen Werkschema'!P99>0,'Aanpassen Werkschema'!P99,"") | P69: =IF('Aanpassen Werkschema'!Q99>0,'Aanpassen Werkschema'!Q99,"") | Q69: =IF('Aanpassen Werkschema'!R99>0,'Aanpassen Werkschema'!R99,"") | R69: =IF('Aanpassen Werkschema'!S99>0,'Aanpassen Werkschema'!S99,"") | S69: =IF('Aanpassen Werkschema'!T99="x","",IF('Aanpassen Werkschema'!N99="v","x",IF(E69="","",IF(E69="x","x")))) | T69: =IF('Aanpassen Werkschema'!U99="x","",IF('Aanpassen Werkschema'!O99="v","x",IF(F69="","",IF(F69="x","x")))) | U69: =IF('Aanpassen Werkschema'!V99="x","",IF('Aanpassen Werkschema'!P99="v","x",IF(G69="","",IF(G69="x","x")))) | V69: =IF('Aanpassen Werkschema'!W99="x","",IF('Aanpassen Werkschema'!Q99="v","x",IF(H69="","",IF(H69="x","x")))) | W69: =IF('Aanpassen Werkschema'!X99="x","",IF('Aanpassen Werkschema'!R99="v","x",IF(I69="","",IF(I69="x","x")))) | X69: =IF('Aanpassen Werkschema'!Y99="x","",IF('Aanpassen Werkschema'!S99="v","x",IF(J69="","",IF(J69="x","x")))) | Y69: =IF('Aanpassen Werkschema'!Z99="x","",IF('Aanpassen Werkschema'!T99="v","x",IF(K69="","",IF(K69="x","x")))) | Z69: =Z68+0.0000000001 | AA69: =IFERROR(IF(C69="",1.1,IF(S69="",1,IF($C69=1,VLOOKUP($B69,'Werkschema - Rekening'!$B$2:$C$46,2,FALSE),IF($C69=2,Instellingen!C$16,IF($C69=3,Instellingen!D$16,IF($C69=4,L69))))+$D69)+$Z69),1.1) | AB69: =IF($B69="","",IFERROR(VLOOKUP($B69,'Werkschema - Rekening'!$B$2:$P$46,3,FALSE),"")) | AC69: =IFERROR(IF(C69="",1.1,IF(T69="",1,IF($C69=1,VLOOKUP($B69,'Werkschema - Rekening'!$B$2:$E$46,4,FALSE),IF($C69=2,Instellingen!E$16,IF($C69=3,Instellingen!F$16,IF($C69=4,M69))))+$D69)+$Z69),1.1) | AD69: =IF($B69="","",IFERROR(VLOOKUP($B69,'Werkschema - Rekening'!$B$2:$P$46,5,FALSE),"")) | AE69: =IFERROR(IF(C69="",1.1,IF(U69="",1,IF($C69=1,VLOOKUP($B69,'Werkschema - Rekening'!$B$2:$G$46,6,FALSE),IF($C69=2,Instellingen!G$16,IF($C69=3,Instellingen!H$16,IF($C69=4,N69))))+$D69)+$Z69),1.1) | AF69: =IF($B69="","",IFERROR(VLOOKUP($B69,'Werkschema - Rekening'!$B$2:$P$46,7,FALSE),"")) | AG69: =IFERROR(IF(C69="",1.1,IF(V69="",1,IF($C69=1,VLOOKUP($B69,'Werkschema - Rekening'!$B$2:$I$46,8,FALSE),IF($C69=2,Instellingen!I$16,IF($C69=3,Instellingen!J$16,IF($C69=4,O69))))+$D69)+$Z69),1.1) | AH69: =IF($B69="","",IFERROR(VLOOKUP($B69,'Werkschema - Rekening'!$B$2:$P$46,9,FALSE),"")) | AI69: =IFERROR(IF(C69="",1.1,IF(W69="",1,IF($C69=1,VLOOKUP($B69,'Werkschema - Rekening'!$B$2:$K$46,10,FALSE),IF($C69=2,Instellingen!K$16,IF($C69=3,Instellingen!L$16,IF($C69=4,P69))))+$D69)+$Z69),1.1) | AJ69: =IF($B69="","",IFERROR(VLOOKUP($B69,'Werkschema - Rekening'!$B$2:$P$46,11,FALSE),"")) | AK69: =IFERROR(IF(C69="",1.1,IF(X69="",1,IF($C69=1,VLOOKUP($B69,'Werkschema - Rekening'!$B$2:$M$46,12,FALSE),IF($C69=2,Instellingen!M$16,IF($C69=3,Instellingen!N$16,IF($C69=4,Q69))))+$D69)+$Z69),1.1) | AL69: =IF($B69="","",IFERROR(VLOOKUP($B69,'Werkschema - Rekening'!$B$2:$P$46,13,FALSE),"")) | AM69: =IFERROR(IF(C69="",1.1,IF(Y69="",1,IF($C69=1,VLOOKUP($B69,'Werkschema - Rekening'!$B$2:$O$46,14,FALSE),IF($C69=2,Instellingen!O$16,IF($C69=3,Instellingen!P$16,IF($C69=4,R69))))+$D69)+$Z69),1.1) | AN69: =IF($B69="","",IFERROR(VLOOKUP($B69,'Werkschema - Rekening'!$B$2:$P$46,15,FALSE),"")) | AO69: =A69 | AP69: =B69
A70: ='Aanpassen Werkschema'!B100 | B70: ='Aanpassen Werkschema'!C100 | C70: =IF('Aanpassen Werkschema'!D100="geplande taak",1,IF('Aanpassen Werkschema'!D100="openingstijd",2,IF('Aanpassen Werkschema'!D100="sluitingstijd",3,IF('Aanpassen Werkschema'!D100="vaste tijd",4,"")))) | D70: ='Aanpassen Werkschema'!E100 | E70: =IF('Aanpassen Werkschema'!F100="v","x","") | F70: =IF('Aanpassen Werkschema'!G100="v","x","") | G70: =IF('Aanpassen Werkschema'!H100="v","x","") | H70: =IF('Aanpassen Werkschema'!I100="v","x","") | I70: =IF('Aanpassen Werkschema'!J100="v","x","") | J70: =IF('Aanpassen Werkschema'!K100="v","x","") | K70: =IF('Aanpassen Werkschema'!L100="v","x","") | L70: =IF('Aanpassen Werkschema'!M100>0,'Aanpassen Werkschema'!M100,"") | M70: =IF('Aanpassen Werkschema'!N100>0,'Aanpassen Werkschema'!N100,"") | N70: =IF('Aanpassen Werkschema'!O100>0,'Aanpassen Werkschema'!O100,"") | O70: =IF('Aanpassen Werkschema'!P100>0,'Aanpassen Werkschema'!P100,"") | P70: =IF('Aanpassen Werkschema'!Q100>0,'Aanpassen Werkschema'!Q100,"") | Q70: =IF('Aanpassen Werkschema'!R100>0,'Aanpassen Werkschema'!R100,"") | R70: =IF('Aanpassen Werkschema'!S100>0,'Aanpassen Werkschema'!S100,"") | S70: =IF('Aanpassen Werkschema'!T100="x","",IF('Aanpassen Werkschema'!N100="v","x",IF(E70="","",IF(E70="x","x")))) | T70: =IF('Aanpassen Werkschema'!U100="x","",IF('Aanpassen Werkschema'!O100="v","x",IF(F70="","",IF(F70="x","x")))) | U70: =IF('Aanpassen Werkschema'!V100="x","",IF('Aanpassen Werkschema'!P100="v","x",IF(G70="","",IF(G70="x","x")))) | V70: =IF('Aanpassen Werkschema'!W100="x","",IF('Aanpassen Werkschema'!Q100="v","x",IF(H70="","",IF(H70="x","x")))) | W70: =IF('Aanpassen Werkschema'!X100="x","",IF('Aanpassen Werkschema'!R100="v","x",IF(I70="","",IF(I70="x","x")))) | X70: =IF('Aanpassen Werkschema'!Y100="x","",IF('Aanpassen Werkschema'!S100="v","x",IF(J70="","",IF(J70="x","x")))) | Y70: =IF('Aanpassen Werkschema'!Z100="x","",IF('Aanpassen Werkschema'!T100="v","x",IF(K70="","",IF(K70="x","x")))) | Z70: =Z69+0.0000000001 | AA70: =IFERROR(IF(C70="",1.1,IF(S70="",1,IF($C70=1,VLOOKUP($B70,'Werkschema - Rekening'!$B$2:$C$46,2,FALSE),IF($C70=2,Instellingen!C$16,IF($C70=3,Instellingen!D$16,IF($C70=4,L70))))+$D70)+$Z70),1.1) | AB70: =IF($B70="","",IFERROR(VLOOKUP($B70,'Werkschema - Rekening'!$B$2:$P$46,3,FALSE),"")) | AC70: =IFERROR(IF(C70="",1.1,IF(T70="",1,IF($C70=1,VLOOKUP($B70,'Werkschema - Rekening'!$B$2:$E$46,4,FALSE),IF($C70=2,Instellingen!E$16,IF($C70=3,Instellingen!F$16,IF($C70=4,M70))))+$D70)+$Z70),1.1) | AD70: =IF($B70="","",IFERROR(VLOOKUP($B70,'Werkschema - Rekening'!$B$2:$P$46,5,FALSE),"")) | AE70: =IFERROR(IF(C70="",1.1,IF(U70="",1,IF($C70=1,VLOOKUP($B70,'Werkschema - Rekening'!$B$2:$G$46,6,FALSE),IF($C70=2,Instellingen!G$16,IF($C70=3,Instellingen!H$16,IF($C70=4,N70))))+$D70)+$Z70),1.1) | AF70: =IF($B70="","",IFERROR(VLOOKUP($B70,'Werkschema - Rekening'!$B$2:$P$46,7,FALSE),"")) | AG70: =IFERROR(IF(C70="",1.1,IF(V70="",1,IF($C70=1,VLOOKUP($B70,'Werkschema - Rekening'!$B$2:$I$46,8,FALSE),IF($C70=2,Instellingen!I$16,IF($C70=3,Instellingen!J$16,IF($C70=4,O70))))+$D70)+$Z70),1.1) | AH70: =IF($B70="","",IFERROR(VLOOKUP($B70,'Werkschema - Rekening'!$B$2:$P$46,9,FALSE),"")) | AI70: =IFERROR(IF(C70="",1.1,IF(W70="",1,IF($C70=1,VLOOKUP($B70,'Werkschema - Rekening'!$B$2:$K$46,10,FALSE),IF($C70=2,Instellingen!K$16,IF($C70=3,Instellingen!L$16,IF($C70=4,P70))))+$D70)+$Z70),1.1) | AJ70: =IF($B70="","",IFERROR(VLOOKUP($B70,'Werkschema - Rekening'!$B$2:$P$46,11,FALSE),"")) | AK70: =IFERROR(IF(C70="",1.1,IF(X70="",1,IF($C70=1,VLOOKUP($B70,'Werkschema - Rekening'!$B$2:$M$46,12,FALSE),IF($C70=2,Instellingen!M$16,IF($C70=3,Instellingen!N$16,IF($C70=4,Q70))))+$D70)+$Z70),1.1) | AL70: =IF($B70="","",IFERROR(VLOOKUP($B70,'Werkschema - Rekening'!$B$2:$P$46,13,FALSE),"")) | AM70: =IFERROR(IF(C70="",1.1,IF(Y70="",1,IF($C70=1,VLOOKUP($B70,'Werkschema - Rekening'!$B$2:$O$46,14,FALSE),IF($C70=2,Instellingen!O$16,IF($C70=3,Instellingen!P$16,IF($C70=4,R70))))+$D70)+$Z70),1.1) | AN70: =IF($B70="","",IFERROR(VLOOKUP($B70,'Werkschema - Rekening'!$B$2:$P$46,15,FALSE),"")) | AO70: =A70 | AP70: =B70
A71: ='Aanpassen Werkschema'!B101 | B71: ='Aanpassen Werkschema'!C101 | C71: =IF('Aanpassen Werkschema'!D101="geplande taak",1,IF('Aanpassen Werkschema'!D101="openingstijd",2,IF('Aanpassen Werkschema'!D101="sluitingstijd",3,IF('Aanpassen Werkschema'!D101="vaste tijd",4,"")))) | D71: ='Aanpassen Werkschema'!E101 | E71: =IF('Aanpassen Werkschema'!F101="v","x","") | F71: =IF('Aanpassen Werkschema'!G101="v","x","") | G71: =IF('Aanpassen Werkschema'!H101="v","x","") | H71: =IF('Aanpassen Werkschema'!I101="v","x","") | I71: =IF('Aanpassen Werkschema'!J101="v","x","") | J71: =IF('Aanpassen Werkschema'!K101="v","x","") | K71: =IF('Aanpassen Werkschema'!L101="v","x","") | L71: =IF('Aanpassen Werkschema'!M101>0,'Aanpassen Werkschema'!M101,"") | M71: =IF('Aanpassen Werkschema'!N101>0,'Aanpassen Werkschema'!N101,"") | N71: =IF('Aanpassen Werkschema'!O101>0,'Aanpassen Werkschema'!O101,"") | O71: =IF('Aanpassen Werkschema'!P101>0,'Aanpassen Werkschema'!P101,"") | P71: =IF('Aanpassen Werkschema'!Q101>0,'Aanpassen Werkschema'!Q101,"") | Q71: =IF('Aanpassen Werkschema'!R101>0,'Aanpassen Werkschema'!R101,"") | R71: =IF('Aanpassen Werkschema'!S101>0,'Aanpassen Werkschema'!S101,"") | S71: =IF('Aanpassen Werkschema'!T101="x","",IF('Aanpassen Werkschema'!N101="v","x",IF(E71="","",IF(E71="x","x")))) | T71: =IF('Aanpassen Werkschema'!U101="x","",IF('Aanpassen Werkschema'!O101="v","x",IF(F71="","",IF(F71="x","x")))) | U71: =IF('Aanpassen Werkschema'!V101="x","",IF('Aanpassen Werkschema'!P101="v","x",IF(G71="","",IF(G71="x","x")))) | V71: =IF('Aanpassen Werkschema'!W101="x","",IF('Aanpassen Werkschema'!Q101="v","x",IF(H71="","",IF(H71="x","x")))) | W71: =IF('Aanpassen Werkschema'!X101="x","",IF('Aanpassen Werkschema'!R101="v","x",IF(I71="","",IF(I71="x","x")))) | X71: =IF('Aanpassen Werkschema'!Y101="x","",IF('Aanpassen Werkschema'!S101="v","x",IF(J71="","",IF(J71="x","x")))) | Y71: =IF('Aanpassen Werkschema'!Z101="x","",IF('Aanpassen Werkschema'!T101="v","x",IF(K71="","",IF(K71="x","x")))) | Z71: =Z70+0.0000000001 | AA71: =IFERROR(IF(C71="",1.1,IF(S71="",1,IF($C71=1,VLOOKUP($B71,'Werkschema - Rekening'!$B$2:$C$46,2,FALSE),IF($C71=2,Instellingen!C$16,IF($C71=3,Instellingen!D$16,IF($C71=4,L71))))+$D71)+$Z71),1.1) | AB71: =IF($B71="","",IFERROR(VLOOKUP($B71,'Werkschema - Rekening'!$B$2:$P$46,3,FALSE),"")) | AC71: =IFERROR(IF(C71="",1.1,IF(T71="",1,IF($C71=1,VLOOKUP($B71,'Werkschema - Rekening'!$B$2:$E$46,4,FALSE),IF($C71=2,Instellingen!E$16,IF($C71=3,Instellingen!F$16,IF($C71=4,M71))))+$D71)+$Z71),1.1) | AD71: =IF($B71="","",IFERROR(VLOOKUP($B71,'Werkschema - Rekening'!$B$2:$P$46,5,FALSE),"")) | AE71: =IFERROR(IF(C71="",1.1,IF(U71="",1,IF($C71=1,VLOOKUP($B71,'Werkschema - Rekening'!$B$2:$G$46,6,FALSE),IF($C71=2,Instellingen!G$16,IF($C71=3,Instellingen!H$16,IF($C71=4,N71))))+$D71)+$Z71),1.1) | AF71: =IF($B71="","",IFERROR(VLOOKUP($B71,'Werkschema - Rekening'!$B$2:$P$46,7,FALSE),"")) | AG71: =IFERROR(IF(C71="",1.1,IF(V71="",1,IF($C71=1,VLOOKUP($B71,'Werkschema - Rekening'!$B$2:$I$46,8,FALSE),IF($C71=2,Instellingen!I$16,IF($C71=3,Instellingen!J$16,IF($C71=4,O71))))+$D71)+$Z71),1.1) | AH71: =IF($B71="","",IFERROR(VLOOKUP($B71,'Werkschema - Rekening'!$B$2:$P$46,9,FALSE),"")) | AI71: =IFERROR(IF(C71="",1.1,IF(W71="",1,IF($C71=1,VLOOKUP($B71,'Werkschema - Rekening'!$B$2:$K$46,10,FALSE),IF($C71=2,Instellingen!K$16,IF($C71=3,Instellingen!L$16,IF($C71=4,P71))))+$D71)+$Z71),1.1) | AJ71: =IF($B71="","",IFERROR(VLOOKUP($B71,'Werkschema - Rekening'!$B$2:$P$46,11,FALSE),"")) | AK71: =IFERROR(IF(C71="",1.1,IF(X71="",1,IF($C71=1,VLOOKUP($B71,'Werkschema - Rekening'!$B$2:$M$46,12,FALSE),IF($C71=2,Instellingen!M$16,IF($C71=3,Instellingen!N$16,IF($C71=4,Q71))))+$D71)+$Z71),1.1) | AL71: =IF($B71="","",IFERROR(VLOOKUP($B71,'Werkschema - Rekening'!$B$2:$P$46,13,FALSE),"")) | AM71: =IFERROR(IF(C71="",1.1,IF(Y71="",1,IF($C71=1,VLOOKUP($B71,'Werkschema - Rekening'!$B$2:$O$46,14,FALSE),IF($C71=2,Instellingen!O$16,IF($C71=3,Instellingen!P$16,IF($C71=4,R71))))+$D71)+$Z71),1.1) | AN71: =IF($B71="","",IFERROR(VLOOKUP($B71,'Werkschema - Rekening'!$B$2:$P$46,15,FALSE),"")) | AO71: =A71 | AP71: =B71
A72: ='Aanpassen Werkschema'!B102 | B72: ='Aanpassen Werkschema'!C102 | C72: =IF('Aanpassen Werkschema'!D102="geplande taak",1,IF('Aanpassen Werkschema'!D102="openingstijd",2,IF('Aanpassen Werkschema'!D102="sluitingstijd",3,IF('Aanpassen Werkschema'!D102="vaste tijd",4,"")))) | D72: ='Aanpassen Werkschema'!E102 | E72: =IF('Aanpassen Werkschema'!F102="v","x","") | F72: =IF('Aanpassen Werkschema'!G102="v","x","") | G72: =IF('Aanpassen Werkschema'!H102="v","x","") | H72: =IF('Aanpassen Werkschema'!I102="v","x","") | I72: =IF('Aanpassen Werkschema'!J102="v","x","") | J72: =IF('Aanpassen Werkschema'!K102="v","x","") | K72: =IF('Aanpassen Werkschema'!L102="v","x","") | L72: =IF('Aanpassen Werkschema'!M102>0,'Aanpassen Werkschema'!M102,"") | M72: =IF('Aanpassen Werkschema'!N102>0,'Aanpassen Werkschema'!N102,"") | N72: =IF('Aanpassen Werkschema'!O102>0,'Aanpassen Werkschema'!O102,"") | O72: =IF('Aanpassen Werkschema'!P102>0,'Aanpassen Werkschema'!P102,"") | P72: =IF('Aanpassen Werkschema'!Q102>0,'Aanpassen Werkschema'!Q102,"") | Q72: =IF('Aanpassen Werkschema'!R102>0,'Aanpassen Werkschema'!R102,"") | R72: =IF('Aanpassen Werkschema'!S102>0,'Aanpassen Werkschema'!S102,"") | S72: =IF('Aanpassen Werkschema'!T102="x","",IF('Aanpassen Werkschema'!N102="v","x",IF(E72="","",IF(E72="x","x")))) | T72: =IF('Aanpassen Werkschema'!U102="x","",IF('Aanpassen Werkschema'!O102="v","x",IF(F72="","",IF(F72="x","x")))) | U72: =IF('Aanpassen Werkschema'!V102="x","",IF('Aanpassen Werkschema'!P102="v","x",IF(G72="","",IF(G72="x","x")))) | V72: =IF('Aanpassen Werkschema'!W102="x","",IF('Aanpassen Werkschema'!Q102="v","x",IF(H72="","",IF(H72="x","x")))) | W72: =IF('Aanpassen Werkschema'!X102="x","",IF('Aanpassen Werkschema'!R102="v","x",IF(I72="","",IF(I72="x","x")))) | X72: =IF('Aanpassen Werkschema'!Y102="x","",IF('Aanpassen Werkschema'!S102="v","x",IF(J72="","",IF(J72="x","x")))) | Y72: =IF('Aanpassen Werkschema'!Z102="x","",IF('Aanpassen Werkschema'!T102="v","x",IF(K72="","",IF(K72="x","x")))) | Z72: =Z71+0.0000000001 | AA72: =IFERROR(IF(C72="",1.1,IF(S72="",1,IF($C72=1,VLOOKUP($B72,'Werkschema - Rekening'!$B$2:$C$46,2,FALSE),IF($C72=2,Instellingen!C$16,IF($C72=3,Instellingen!D$16,IF($C72=4,L72))))+$D72)+$Z72),1.1) | AB72: =IF($B72="","",IFERROR(VLOOKUP($B72,'Werkschema - Rekening'!$B$2:$P$46,3,FALSE),"")) | AC72: =IFERROR(IF(C72="",1.1,IF(T72="",1,IF($C72=1,VLOOKUP($B72,'Werkschema - Rekening'!$B$2:$E$46,4,FALSE),IF($C72=2,Instellingen!E$16,IF($C72=3,Instellingen!F$16,IF($C72=4,M72))))+$D72)+$Z72),1.1) | AD72: =IF($B72="","",IFERROR(VLOOKUP($B72,'Werkschema - Rekening'!$B$2:$P$46,5,FALSE),"")) | AE72: =IFERROR(IF(C72="",1.1,IF(U72="",1,IF($C72=1,VLOOKUP($B72,'Werkschema - Rekening'!$B$2:$G$46,6,FALSE),IF($C72=2,Instellingen!G$16,IF($C72=3,Instellingen!H$16,IF($C72=4,N72))))+$D72)+$Z72),1.1) | AF72: =IF($B72="","",IFERROR(VLOOKUP($B72,'Werkschema - Rekening'!$B$2:$P$46,7,FALSE),"")) | AG72: =IFERROR(IF(C72="",1.1,IF(V72="",1,IF($C72=1,VLOOKUP($B72,'Werkschema - Rekening'!$B$2:$I$46,8,FALSE),IF($C72=2,Instellingen!I$16,IF($C72=3,Instellingen!J$16,IF($C72=4,O72))))+$D72)+$Z72),1.1) | AH72: =IF($B72="","",IFERROR(VLOOKUP($B72,'Werkschema - Rekening'!$B$2:$P$46,9,FALSE),"")) | AI72: =IFERROR(IF(C72="",1.1,IF(W72="",1,IF($C72=1,VLOOKUP($B72,'Werkschema - Rekening'!$B$2:$K$46,10,FALSE),IF($C72=2,Instellingen!K$16,IF($C72=3,Instellingen!L$16,IF($C72=4,P72))))+$D72)+$Z72),1.1) | AJ72: =IF($B72="","",IFERROR(VLOOKUP($B72,'Werkschema - Rekening'!$B$2:$P$46,11,FALSE),"")) | AK72: =IFERROR(IF(C72="",1.1,IF(X72="",1,IF($C72=1,VLOOKUP($B72,'Werkschema - Rekening'!$B$2:$M$46,12,FALSE),IF($C72=2,Instellingen!M$16,IF($C72=3,Instellingen!N$16,IF($C72=4,Q72))))+$D72)+$Z72),1.1) | AL72: =IF($B72="","",IFERROR(VLOOKUP($B72,'Werkschema - Rekening'!$B$2:$P$46,13,FALSE),"")) | AM72: =IFERROR(IF(C72="",1.1,IF(Y72="",1,IF($C72=1,VLOOKUP($B72,'Werkschema - Rekening'!$B$2:$O$46,14,FALSE),IF($C72=2,Instellingen!O$16,IF($C72=3,Instellingen!P$16,IF($C72=4,R72))))+$D72)+$Z72),1.1) | AN72: =IF($B72="","",IFERROR(VLOOKUP($B72,'Werkschema - Rekening'!$B$2:$P$46,15,FALSE),"")) | AO72: =A72 | AP72: =B72
A73: ='Aanpassen Werkschema'!B103 | B73: ='Aanpassen Werkschema'!C103 | C73: =IF('Aanpassen Werkschema'!D103="geplande taak",1,IF('Aanpassen Werkschema'!D103="openingstijd",2,IF('Aanpassen Werkschema'!D103="sluitingstijd",3,IF('Aanpassen Werkschema'!D103="vaste tijd",4,"")))) | D73: ='Aanpassen Werkschema'!E103 | E73: =IF('Aanpassen Werkschema'!F103="v","x","") | F73: =IF('Aanpassen Werkschema'!G103="v","x","") | G73: =IF('Aanpassen Werkschema'!H103="v","x","") | H73: =IF('Aanpassen Werkschema'!I103="v","x","") | I73: =IF('Aanpassen Werkschema'!J103="v","x","") | J73: =IF('Aanpassen Werkschema'!K103="v","x","") | K73: =IF('Aanpassen Werkschema'!L103="v","x","") | L73: =IF('Aanpassen Werkschema'!M103>0,'Aanpassen Werkschema'!M103,"") | M73: =IF('Aanpassen Werkschema'!N103>0,'Aanpassen Werkschema'!N103,"") | N73: =IF('Aanpassen Werkschema'!O103>0,'Aanpassen Werkschema'!O103,"") | O73: =IF('Aanpassen Werkschema'!P103>0,'Aanpassen Werkschema'!P103,"") | P73: =IF('Aanpassen Werkschema'!Q103>0,'Aanpassen Werkschema'!Q103,"") | Q73: =IF('Aanpassen Werkschema'!R103>0,'Aanpassen Werkschema'!R103,"") | R73: =IF('Aanpassen Werkschema'!S103>0,'Aanpassen Werkschema'!S103,"") | S73: =IF('Aanpassen Werkschema'!T103="x","",IF('Aanpassen Werkschema'!N103="v","x",IF(E73="","",IF(E73="x","x")))) | T73: =IF('Aanpassen Werkschema'!U103="x","",IF('Aanpassen Werkschema'!O103="v","x",IF(F73="","",IF(F73="x","x")))) | U73: =IF('Aanpassen Werkschema'!V103="x","",IF('Aanpassen Werkschema'!P103="v","x",IF(G73="","",IF(G73="x","x")))) | V73: =IF('Aanpassen Werkschema'!W103="x","",IF('Aanpassen Werkschema'!Q103="v","x",IF(H73="","",IF(H73="x","x")))) | W73: =IF('Aanpassen Werkschema'!X103="x","",IF('Aanpassen Werkschema'!R103="v","x",IF(I73="","",IF(I73="x","x")))) | X73: =IF('Aanpassen Werkschema'!Y103="x","",IF('Aanpassen Werkschema'!S103="v","x",IF(J73="","",IF(J73="x","x")))) | Y73: =IF('Aanpassen Werkschema'!Z103="x","",IF('Aanpassen Werkschema'!T103="v","x",IF(K73="","",IF(K73="x","x")))) | Z73: =Z72+0.0000000001 | AA73: =IFERROR(IF(C73="",1.1,IF(S73="",1,IF($C73=1,VLOOKUP($B73,'Werkschema - Rekening'!$B$2:$C$46,2,FALSE),IF($C73=2,Instellingen!C$16,IF($C73=3,Instellingen!D$16,IF($C73=4,L73))))+$D73)+$Z73),1.1) | AB73: =IF($B73="","",IFERROR(VLOOKUP($B73,'Werkschema - Rekening'!$B$2:$P$46,3,FALSE),"")) | AC73: =IFERROR(IF(C73="",1.1,IF(T73="",1,IF($C73=1,VLOOKUP($B73,'Werkschema - Rekening'!$B$2:$E$46,4,FALSE),IF($C73=2,Instellingen!E$16,IF($C73=3,Instellingen!F$16,IF($C73=4,M73))))+$D73)+$Z73),1.1) | AD73: =IF($B73="","",IFERROR(VLOOKUP($B73,'Werkschema - Rekening'!$B$2:$P$46,5,FALSE),"")) | AE73: =IFERROR(IF(C73="",1.1,IF(U73="",1,IF($C73=1,VLOOKUP($B73,'Werkschema - Rekening'!$B$2:$G$46,6,FALSE),IF($C73=2,Instellingen!G$16,IF($C73=3,Instellingen!H$16,IF($C73=4,N73))))+$D73)+$Z73),1.1) | AF73: =IF($B73="","",IFERROR(VLOOKUP($B73,'Werkschema - Rekening'!$B$2:$P$46,7,FALSE),"")) | AG73: =IFERROR(IF(C73="",1.1,IF(V73="",1,IF($C73=1,VLOOKUP($B73,'Werkschema - Rekening'!$B$2:$I$46,8,FALSE),IF($C73=2,Instellingen!I$16,IF($C73=3,Instellingen!J$16,IF($C73=4,O73))))+$D73)+$Z73),1.1) | AH73: =IF($B73="","",IFERROR(VLOOKUP($B73,'Werkschema - Rekening'!$B$2:$P$46,9,FALSE),"")) | AI73: =IFERROR(IF(C73="",1.1,IF(W73="",1,IF($C73=1,VLOOKUP($B73,'Werkschema - Rekening'!$B$2:$K$46,10,FALSE),IF($C73=2,Instellingen!K$16,IF($C73=3,Instellingen!L$16,IF($C73=4,P73))))+$D73)+$Z73),1.1) | AJ73: =IF($B73="","",IFERROR(VLOOKUP($B73,'Werkschema - Rekening'!$B$2:$P$46,11,FALSE),"")) | AK73: =IFERROR(IF(C73="",1.1,IF(X73="",1,IF($C73=1,VLOOKUP($B73,'Werkschema - Rekening'!$B$2:$M$46,12,FALSE),IF($C73=2,Instellingen!M$16,IF($C73=3,Instellingen!N$16,IF($C73=4,Q73))))+$D73)+$Z73),1.1) | AL73: =IF($B73="","",IFERROR(VLOOKUP($B73,'Werkschema - Rekening'!$B$2:$P$46,13,FALSE),"")) | AM73: =IFERROR(IF(C73="",1.1,IF(Y73="",1,IF($C73=1,VLOOKUP($B73,'Werkschema - Rekening'!$B$2:$O$46,14,FALSE),IF($C73=2,Instellingen!O$16,IF($C73=3,Instellingen!P$16,IF($C73=4,R73))))+$D73)+$Z73),1.1) | AN73: =IF($B73="","",IFERROR(VLOOKUP($B73,'Werkschema - Rekening'!$B$2:$P$46,15,FALSE),"")) | AO73: =A73 | AP73: =B73
A74: ='Aanpassen Werkschema'!B104 | B74: ='Aanpassen Werkschema'!C104 | C74: =IF('Aanpassen Werkschema'!D104="geplande taak",1,IF('Aanpassen Werkschema'!D104="openingstijd",2,IF('Aanpassen Werkschema'!D104="sluitingstijd",3,IF('Aanpassen Werkschema'!D104="vaste tijd",4,"")))) | D74: ='Aanpassen Werkschema'!E104 | E74: =IF('Aanpassen Werkschema'!F104="v","x","") | F74: =IF('Aanpassen Werkschema'!G104="v","x","") | G74: =IF('Aanpassen Werkschema'!H104="v","x","") | H74: =IF('Aanpassen Werkschema'!I104="v","x","") | I74: =IF('Aanpassen Werkschema'!J104="v","x","") | J74: =IF('Aanpassen Werkschema'!K104="v","x","") | K74: =IF('Aanpassen Werkschema'!L104="v","x","") | L74: =IF('Aanpassen Werkschema'!M104>0,'Aanpassen Werkschema'!M104,"") | M74: =IF('Aanpassen Werkschema'!N104>0,'Aanpassen Werkschema'!N104,"") | N74: =IF('Aanpassen Werkschema'!O104>0,'Aanpassen Werkschema'!O104,"") | O74: =IF('Aanpassen Werkschema'!P104>0,'Aanpassen Werkschema'!P104,"") | P74: =IF('Aanpassen Werkschema'!Q104>0,'Aanpassen Werkschema'!Q104,"") | Q74: =IF('Aanpassen Werkschema'!R104>0,'Aanpassen Werkschema'!R104,"") | R74: =IF('Aanpassen Werkschema'!S104>0,'Aanpassen Werkschema'!S104,"") | S74: =IF('Aanpassen Werkschema'!T104="x","",IF('Aanpassen Werkschema'!N104="v","x",IF(E74="","",IF(E74="x","x")))) | T74: =IF('Aanpassen Werkschema'!U104="x","",IF('Aanpassen Werkschema'!O104="v","x",IF(F74="","",IF(F74="x","x")))) | U74: =IF('Aanpassen Werkschema'!V104="x","",IF('Aanpassen Werkschema'!P104="v","x",IF(G74="","",IF(G74="x","x")))) | V74: =IF('Aanpassen Werkschema'!W104="x","",IF('Aanpassen Werkschema'!Q104="v","x",IF(H74="","",IF(H74="x","x")))) | W74: =IF('Aanpassen Werkschema'!X104="x","",IF('Aanpassen Werkschema'!R104="v","x",IF(I74="","",IF(I74="x","x")))) | X74: =IF('Aanpassen Werkschema'!Y104="x","",IF('Aanpassen Werkschema'!S104="v","x",IF(J74="","",IF(J74="x","x")))) | Y74: =IF('Aanpassen Werkschema'!Z104="x","",IF('Aanpassen Werkschema'!T104="v","x",IF(K74="","",IF(K74="x","x")))) | Z74: =Z73+0.0000000001 | AA74: =IFERROR(IF(C74="",1.1,IF(S74="",1,IF($C74=1,VLOOKUP($B74,'Werkschema - Rekening'!$B$2:$C$46,2,FALSE),IF($C74=2,Instellingen!C$16,IF($C74=3,Instellingen!D$16,IF($C74=4,L74))))+$D74)+$Z74),1.1) | AB74: =IF($B74="","",IFERROR(VLOOKUP($B74,'Werkschema - Rekening'!$B$2:$P$46,3,FALSE),"")) | AC74: =IFERROR(IF(C74="",1.1,IF(T74="",1,IF($C74=1,VLOOKUP($B74,'Werkschema - Rekening'!$B$2:$E$46,4,FALSE),IF($C74=2,Instellingen!E$16,IF($C74=3,Instellingen!F$16,IF($C74=4,M74))))+$D74)+$Z74),1.1) | AD74: =IF($B74="","",IFERROR(VLOOKUP($B74,'Werkschema - Rekening'!$B$2:$P$46,5,FALSE),"")) | AE74: =IFERROR(IF(C74="",1.1,IF(U74="",1,IF($C74=1,VLOOKUP($B74,'Werkschema - Rekening'!$B$2:$G$46,6,FALSE),IF($C74=2,Instellingen!G$16,IF($C74=3,Instellingen!H$16,IF($C74=4,N74))))+$D74)+$Z74),1.1) | AF74: =IF($B74="","",IFERROR(VLOOKUP($B74,'Werkschema - Rekening'!$B$2:$P$46,7,FALSE),"")) | AG74: =IFERROR(IF(C74="",1.1,IF(V74="",1,IF($C74=1,VLOOKUP($B74,'Werkschema - Rekening'!$B$2:$I$46,8,FALSE),IF($C74=2,Instellingen!I$16,IF($C74=3,Instellingen!J$16,IF($C74=4,O74))))+$D74)+$Z74),1.1) | AH74: =IF($B74="","",IFERROR(VLOOKUP($B74,'Werkschema - Rekening'!$B$2:$P$46,9,FALSE),"")) | AI74: =IFERROR(IF(C74="",1.1,IF(W74="",1,IF($C74=1,VLOOKUP($B74,'Werkschema - Rekening'!$B$2:$K$46,10,FALSE),IF($C74=2,Instellingen!K$16,IF($C74=3,Instellingen!L$16,IF($C74=4,P74))))+$D74)+$Z74),1.1) | AJ74: =IF($B74="","",IFERROR(VLOOKUP($B74,'Werkschema - Rekening'!$B$2:$P$46,11,FALSE),"")) | AK74: =IFERROR(IF(C74="",1.1,IF(X74="",1,IF($C74=1,VLOOKUP($B74,'Werkschema - Rekening'!$B$2:$M$46,12,FALSE),IF($C74=2,Instellingen!M$16,IF($C74=3,Instellingen!N$16,IF($C74=4,Q74))))+$D74)+$Z74),1.1) | AL74: =IF($B74="","",IFERROR(VLOOKUP($B74,'Werkschema - Rekening'!$B$2:$P$46,13,FALSE),"")) | AM74: =IFERROR(IF(C74="",1.1,IF(Y74="",1,IF($C74=1,VLOOKUP($B74,'Werkschema - Rekening'!$B$2:$O$46,14,FALSE),IF($C74=2,Instellingen!O$16,IF($C74=3,Instellingen!P$16,IF($C74=4,R74))))+$D74)+$Z74),1.1) | AN74: =IF($B74="","",IFERROR(VLOOKUP($B74,'Werkschema - Rekening'!$B$2:$P$46,15,FALSE),"")) | AO74: =A74 | AP74: =B74
A75: ='Aanpassen Werkschema'!B105 | B75: ='Aanpassen Werkschema'!C105 | C75: =IF('Aanpassen Werkschema'!D105="geplande taak",1,IF('Aanpassen Werkschema'!D105="openingstijd",2,IF('Aanpassen Werkschema'!D105="sluitingstijd",3,IF('Aanpassen Werkschema'!D105="vaste tijd",4,"")))) | D75: ='Aanpassen Werkschema'!E105 | E75: =IF('Aanpassen Werkschema'!F105="v","x","") | F75: =IF('Aanpassen Werkschema'!G105="v","x","") | G75: =IF('Aanpassen Werkschema'!H105="v","x","") | H75: =IF('Aanpassen Werkschema'!I105="v","x","") | I75: =IF('Aanpassen Werkschema'!J105="v","x","") | J75: =IF('Aanpassen Werkschema'!K105="v","x","") | K75: =IF('Aanpassen Werkschema'!L105="v","x","") | L75: =IF('Aanpassen Werkschema'!M105>0,'Aanpassen Werkschema'!M105,"") | M75: =IF('Aanpassen Werkschema'!N105>0,'Aanpassen Werkschema'!N105,"") | N75: =IF('Aanpassen Werkschema'!O105>0,'Aanpassen Werkschema'!O105,"") | O75: =IF('Aanpassen Werkschema'!P105>0,'Aanpassen Werkschema'!P105,"") | P75: =IF('Aanpassen Werkschema'!Q105>0,'Aanpassen Werkschema'!Q105,"") | Q75: =IF('Aanpassen Werkschema'!R105>0,'Aanpassen Werkschema'!R105,"") | R75: =IF('Aanpassen Werkschema'!S105>0,'Aanpassen Werkschema'!S105,"") | S75: =IF('Aanpassen Werkschema'!T105="x","",IF('Aanpassen Werkschema'!N105="v","x",IF(E75="","",IF(E75="x","x")))) | T75: =IF('Aanpassen Werkschema'!U105="x","",IF('Aanpassen Werkschema'!O105="v","x",IF(F75="","",IF(F75="x","x")))) | U75: =IF('Aanpassen Werkschema'!V105="x","",IF('Aanpassen Werkschema'!P105="v","x",IF(G75="","",IF(G75="x","x")))) | V75: =IF('Aanpassen Werkschema'!W105="x","",IF('Aanpassen Werkschema'!Q105="v","x",IF(H75="","",IF(H75="x","x")))) | W75: =IF('Aanpassen Werkschema'!X105="x","",IF('Aanpassen Werkschema'!R105="v","x",IF(I75="","",IF(I75="x","x")))) | X75: =IF('Aanpassen Werkschema'!Y105="x","",IF('Aanpassen Werkschema'!S105="v","x",IF(J75="","",IF(J75="x","x")))) | Y75: =IF('Aanpassen Werkschema'!Z105="x","",IF('Aanpassen Werkschema'!T105="v","x",IF(K75="","",IF(K75="x","x")))) | Z75: =Z74+0.0000000001 | AA75: =IFERROR(IF(C75="",1.1,IF(S75="",1,IF($C75=1,VLOOKUP($B75,'Werkschema - Rekening'!$B$2:$C$46,2,FALSE),IF($C75=2,Instellingen!C$16,IF($C75=3,Instellingen!D$16,IF($C75=4,L75))))+$D75)+$Z75),1.1) | AB75: =IF($B75="","",IFERROR(VLOOKUP($B75,'Werkschema - Rekening'!$B$2:$P$46,3,FALSE),"")) | AC75: =IFERROR(IF(C75="",1.1,IF(T75="",1,IF($C75=1,VLOOKUP($B75,'Werkschema - Rekening'!$B$2:$E$46,4,FALSE),IF($C75=2,Instellingen!E$16,IF($C75=3,Instellingen!F$16,IF($C75=4,M75))))+$D75)+$Z75),1.1) | AD75: =IF($B75="","",IFERROR(VLOOKUP($B75,'Werkschema - Rekening'!$B$2:$P$46,5,FALSE),"")) | AE75: =IFERROR(IF(C75="",1.1,IF(U75="",1,IF($C75=1,VLOOKUP($B75,'Werkschema - Rekening'!$B$2:$G$46,6,FALSE),IF($C75=2,Instellingen!G$16,IF($C75=3,Instellingen!H$16,IF($C75=4,N75))))+$D75)+$Z75),1.1) | AF75: =IF($B75="","",IFERROR(VLOOKUP($B75,'Werkschema - Rekening'!$B$2:$P$46,7,FALSE),"")) | AG75: =IFERROR(IF(C75="",1.1,IF(V75="",1,IF($C75=1,VLOOKUP($B75,'Werkschema - Rekening'!$B$2:$I$46,8,FALSE),IF($C75=2,Instellingen!I$16,IF($C75=3,Instellingen!J$16,IF($C75=4,O75))))+$D75)+$Z75),1.1) | AH75: =IF($B75="","",IFERROR(VLOOKUP($B75,'Werkschema - Rekening'!$B$2:$P$46,9,FALSE),"")) | AI75: =IFERROR(IF(C75="",1.1,IF(W75="",1,IF($C75=1,VLOOKUP($B75,'Werkschema - Rekening'!$B$2:$K$46,10,FALSE),IF($C75=2,Instellingen!K$16,IF($C75=3,Instellingen!L$16,IF($C75=4,P75))))+$D75)+$Z75),1.1) | AJ75: =IF($B75="","",IFERROR(VLOOKUP($B75,'Werkschema - Rekening'!$B$2:$P$46,11,FALSE),"")) | AK75: =IFERROR(IF(C75="",1.1,IF(X75="",1,IF($C75=1,VLOOKUP($B75,'Werkschema - Rekening'!$B$2:$M$46,12,FALSE),IF($C75=2,Instellingen!M$16,IF($C75=3,Instellingen!N$16,IF($C75=4,Q75))))+$D75)+$Z75),1.1) | AL75: =IF($B75="","",IFERROR(VLOOKUP($B75,'Werkschema - Rekening'!$B$2:$P$46,13,FALSE),"")) | AM75: =IFERROR(IF(C75="",1.1,IF(Y75="",1,IF($C75=1,VLOOKUP($B75,'Werkschema - Rekening'!$B$2:$O$46,14,FALSE),IF($C75=2,Instellingen!O$16,IF($C75=3,Instellingen!P$16,IF($C75=4,R75))))+$D75)+$Z75),1.1) | AN75: =IF($B75="","",IFERROR(VLOOKUP($B75,'Werkschema - Rekening'!$B$2:$P$46,15,FALSE),"")) | AO75: =A75 | AP75: =B75
A76: ='Aanpassen Werkschema'!B106 | B76: ='Aanpassen Werkschema'!C106 | C76: =IF('Aanpassen Werkschema'!D106="geplande taak",1,IF('Aanpassen Werkschema'!D106="openingstijd",2,IF('Aanpassen Werkschema'!D106="sluitingstijd",3,IF('Aanpassen Werkschema'!D106="vaste tijd",4,"")))) | D76: ='Aanpassen Werkschema'!E106 | E76: =IF('Aanpassen Werkschema'!F106="v","x","") | F76: =IF('Aanpassen Werkschema'!G106="v","x","") | G76: =IF('Aanpassen Werkschema'!H106="v","x","") | H76: =IF('Aanpassen Werkschema'!I106="v","x","") | I76: =IF('Aanpassen Werkschema'!J106="v","x","") | J76: =IF('Aanpassen Werkschema'!K106="v","x","") | K76: =IF('Aanpassen Werkschema'!L106="v","x","") | L76: =IF('Aanpassen Werkschema'!M106>0,'Aanpassen Werkschema'!M106,"") | M76: =IF('Aanpassen Werkschema'!N106>0,'Aanpassen Werkschema'!N106,"") | N76: =IF('Aanpassen Werkschema'!O106>0,'Aanpassen Werkschema'!O106,"") | O76: =IF('Aanpassen Werkschema'!P106>0,'Aanpassen Werkschema'!P106,"") | P76: =IF('Aanpassen Werkschema'!Q106>0,'Aanpassen Werkschema'!Q106,"") | Q76: =IF('Aanpassen Werkschema'!R106>0,'Aanpassen Werkschema'!R106,"") | R76: =IF('Aanpassen Werkschema'!S106>0,'Aanpassen Werkschema'!S106,"") | S76: =IF('Aanpassen Werkschema'!T106="x","",IF('Aanpassen Werkschema'!N106="v","x",IF(E76="","",IF(E76="x","x")))) | T76: =IF('Aanpassen Werkschema'!U106="x","",IF('Aanpassen Werkschema'!O106="v","x",IF(F76="","",IF(F76="x","x")))) | U76: =IF('Aanpassen Werkschema'!V106="x","",IF('Aanpassen Werkschema'!P106="v","x",IF(G76="","",IF(G76="x","x")))) | V76: =IF('Aanpassen Werkschema'!W106="x","",IF('Aanpassen Werkschema'!Q106="v","x",IF(H76="","",IF(H76="x","x")))) | W76: =IF('Aanpassen Werkschema'!X106="x","",IF('Aanpassen Werkschema'!R106="v","x",IF(I76="","",IF(I76="x","x")))) | X76: =IF('Aanpassen Werkschema'!Y106="x","",IF('Aanpassen Werkschema'!S106="v","x",IF(J76="","",IF(J76="x","x")))) | Y76: =IF('Aanpassen Werkschema'!Z106="x","",IF('Aanpassen Werkschema'!T106="v","x",IF(K76="","",IF(K76="x","x")))) | Z76: =Z75+0.0000000001 | AA76: =IFERROR(IF(C76="",1.1,IF(S76="",1,IF($C76=1,VLOOKUP($B76,'Werkschema - Rekening'!$B$2:$C$46,2,FALSE),IF($C76=2,Instellingen!C$16,IF($C76=3,Instellingen!D$16,IF($C76=4,L76))))+$D76)+$Z76),1.1) | AB76: =IF($B76="","",IFERROR(VLOOKUP($B76,'Werkschema - Rekening'!$B$2:$P$46,3,FALSE),"")) | AC76: =IFERROR(IF(C76="",1.1,IF(T76="",1,IF($C76=1,VLOOKUP($B76,'Werkschema - Rekening'!$B$2:$E$46,4,FALSE),IF($C76=2,Instellingen!E$16,IF($C76=3,Instellingen!F$16,IF($C76=4,M76))))+$D76)+$Z76),1.1) | AD76: =IF($B76="","",IFERROR(VLOOKUP($B76,'Werkschema - Rekening'!$B$2:$P$46,5,FALSE),"")) | AE76: =IFERROR(IF(C76="",1.1,IF(U76="",1,IF($C76=1,VLOOKUP($B76,'Werkschema - Rekening'!$B$2:$G$46,6,FALSE),IF($C76=2,Instellingen!G$16,IF($C76=3,Instellingen!H$16,IF($C76=4,N76))))+$D76)+$Z76),1.1) | AF76: =IF($B76="","",IFERROR(VLOOKUP($B76,'Werkschema - Rekening'!$B$2:$P$46,7,FALSE),"")) | AG76: =IFERROR(IF(C76="",1.1,IF(V76="",1,IF($C76=1,VLOOKUP($B76,'Werkschema - Rekening'!$B$2:$I$46,8,FALSE),IF($C76=2,Instellingen!I$16,IF($C76=3,Instellingen!J$16,IF($C76=4,O76))))+$D76)+$Z76),1.1) | AH76: =IF($B76="","",IFERROR(VLOOKUP($B76,'Werkschema - Rekening'!$B$2:$P$46,9,FALSE),"")) | AI76: =IFERROR(IF(C76="",1.1,IF(W76="",1,IF($C76=1,VLOOKUP($B76,'Werkschema - Rekening'!$B$2:$K$46,10,FALSE),IF($C76=2,Instellingen!K$16,IF($C76=3,Instellingen!L$16,IF($C76=4,P76))))+$D76)+$Z76),1.1) | AJ76: =IF($B76="","",IFERROR(VLOOKUP($B76,'Werkschema - Rekening'!$B$2:$P$46,11,FALSE),"")) | AK76: =IFERROR(IF(C76="",1.1,IF(X76="",1,IF($C76=1,VLOOKUP($B76,'Werkschema - Rekening'!$B$2:$M$46,12,FALSE),IF($C76=2,Instellingen!M$16,IF($C76=3,Instellingen!N$16,IF($C76=4,Q76))))+$D76)+$Z76),1.1) | AL76: =IF($B76="","",IFERROR(VLOOKUP($B76,'Werkschema - Rekening'!$B$2:$P$46,13,FALSE),"")) | AM76: =IFERROR(IF(C76="",1.1,IF(Y76="",1,IF($C76=1,VLOOKUP($B76,'Werkschema - Rekening'!$B$2:$O$46,14,FALSE),IF($C76=2,Instellingen!O$16,IF($C76=3,Instellingen!P$16,IF($C76=4,R76))))+$D76)+$Z76),1.1) | AN76: =IF($B76="","",IFERROR(VLOOKUP($B76,'Werkschema - Rekening'!$B$2:$P$46,15,FALSE),"")) | AO76: =A76 | AP76: =B76
A77: ='Aanpassen Werkschema'!B107 | B77: ='Aanpassen Werkschema'!C107 | C77: =IF('Aanpassen Werkschema'!D107="geplande taak",1,IF('Aanpassen Werkschema'!D107="openingstijd",2,IF('Aanpassen Werkschema'!D107="sluitingstijd",3,IF('Aanpassen Werkschema'!D107="vaste tijd",4,"")))) | D77: ='Aanpassen Werkschema'!E107 | E77: =IF('Aanpassen Werkschema'!F107="v","x","") | F77: =IF('Aanpassen Werkschema'!G107="v","x","") | G77: =IF('Aanpassen Werkschema'!H107="v","x","") | H77: =IF('Aanpassen Werkschema'!I107="v","x","") | I77: =IF('Aanpassen Werkschema'!J107="v","x","") | J77: =IF('Aanpassen Werkschema'!K107="v","x","") | K77: =IF('Aanpassen Werkschema'!L107="v","x","") | L77: =IF('Aanpassen Werkschema'!M107>0,'Aanpassen Werkschema'!M107,"") | M77: =IF('Aanpassen Werkschema'!N107>0,'Aanpassen Werkschema'!N107,"") | N77: =IF('Aanpassen Werkschema'!O107>0,'Aanpassen Werkschema'!O107,"") | O77: =IF('Aanpassen Werkschema'!P107>0,'Aanpassen Werkschema'!P107,"") | P77: =IF('Aanpassen Werkschema'!Q107>0,'Aanpassen Werkschema'!Q107,"") | Q77: =IF('Aanpassen Werkschema'!R107>0,'Aanpassen Werkschema'!R107,"") | R77: =IF('Aanpassen Werkschema'!S107>0,'Aanpassen Werkschema'!S107,"") | S77: =IF('Aanpassen Werkschema'!T107="x","",IF('Aanpassen Werkschema'!N107="v","x",IF(E77="","",IF(E77="x","x")))) | T77: =IF('Aanpassen Werkschema'!U107="x","",IF('Aanpassen Werkschema'!O107="v","x",IF(F77="","",IF(F77="x","x")))) | U77: =IF('Aanpassen Werkschema'!V107="x","",IF('Aanpassen Werkschema'!P107="v","x",IF(G77="","",IF(G77="x","x")))) | V77: =IF('Aanpassen Werkschema'!W107="x","",IF('Aanpassen Werkschema'!Q107="v","x",IF(H77="","",IF(H77="x","x")))) | W77: =IF('Aanpassen Werkschema'!X107="x","",IF('Aanpassen Werkschema'!R107="v","x",IF(I77="","",IF(I77="x","x")))) | X77: =IF('Aanpassen Werkschema'!Y107="x","",IF('Aanpassen Werkschema'!S107="v","x",IF(J77="","",IF(J77="x","x")))) | Y77: =IF('Aanpassen Werkschema'!Z107="x","",IF('Aanpassen Werkschema'!T107="v","x",IF(K77="","",IF(K77="x","x")))) | Z77: =Z76+0.0000000001 | AA77: =IFERROR(IF(C77="",1.1,IF(S77="",1,IF($C77=1,VLOOKUP($B77,'Werkschema - Rekening'!$B$2:$C$46,2,FALSE),IF($C77=2,Instellingen!C$16,IF($C77=3,Instellingen!D$16,IF($C77=4,L77))))+$D77)+$Z77),1.1) | AB77: =IF($B77="","",IFERROR(VLOOKUP($B77,'Werkschema - Rekening'!$B$2:$P$46,3,FALSE),"")) | AC77: =IFERROR(IF(C77="",1.1,IF(T77="",1,IF($C77=1,VLOOKUP($B77,'Werkschema - Rekening'!$B$2:$E$46,4,FALSE),IF($C77=2,Instellingen!E$16,IF($C77=3,Instellingen!F$16,IF($C77=4,M77))))+$D77)+$Z77),1.1) | AD77: =IF($B77="","",IFERROR(VLOOKUP($B77,'Werkschema - Rekening'!$B$2:$P$46,5,FALSE),"")) | AE77: =IFERROR(IF(C77="",1.1,IF(U77="",1,IF($C77=1,VLOOKUP($B77,'Werkschema - Rekening'!$B$2:$G$46,6,FALSE),IF($C77=2,Instellingen!G$16,IF($C77=3,Instellingen!H$16,IF($C77=4,N77))))+$D77)+$Z77),1.1) | AF77: =IF($B77="","",IFERROR(VLOOKUP($B77,'Werkschema - Rekening'!$B$2:$P$46,7,FALSE),"")) | AG77: =IFERROR(IF(C77="",1.1,IF(V77="",1,IF($C77=1,VLOOKUP($B77,'Werkschema - Rekening'!$B$2:$I$46,8,FALSE),IF($C77=2,Instellingen!I$16,IF($C77=3,Instellingen!J$16,IF($C77=4,O77))))+$D77)+$Z77),1.1) | AH77: =IF($B77="","",IFERROR(VLOOKUP($B77,'Werkschema - Rekening'!$B$2:$P$46,9,FALSE),"")) | AI77: =IFERROR(IF(C77="",1.1,IF(W77="",1,IF($C77=1,VLOOKUP($B77,'Werkschema - Rekening'!$B$2:$K$46,10,FALSE),IF($C77=2,Instellingen!K$16,IF($C77=3,Instellingen!L$16,IF($C77=4,P77))))+$D77)+$Z77),1.1) | AJ77: =IF($B77="","",IFERROR(VLOOKUP($B77,'Werkschema - Rekening'!$B$2:$P$46,11,FALSE),"")) | AK77: =IFERROR(IF(C77="",1.1,IF(X77="",1,IF($C77=1,VLOOKUP($B77,'Werkschema - Rekening'!$B$2:$M$46,12,FALSE),IF($C77=2,Instellingen!M$16,IF($C77=3,Instellingen!N$16,IF($C77=4,Q77))))+$D77)+$Z77),1.1) | AL77: =IF($B77="","",IFERROR(VLOOKUP($B77,'Werkschema - Rekening'!$B$2:$P$46,13,FALSE),"")) | AM77: =IFERROR(IF(C77="",1.1,IF(Y77="",1,IF($C77=1,VLOOKUP($B77,'Werkschema - Rekening'!$B$2:$O$46,14,FALSE),IF($C77=2,Instellingen!O$16,IF($C77=3,Instellingen!P$16,IF($C77=4,R77))))+$D77)+$Z77),1.1) | AN77: =IF($B77="","",IFERROR(VLOOKUP($B77,'Werkschema - Rekening'!$B$2:$P$46,15,FALSE),"")) | AO77: =A77 | AP77: =B77
A78: ='Aanpassen Werkschema'!B108 | B78: ='Aanpassen Werkschema'!C108 | C78: =IF('Aanpassen Werkschema'!D108="geplande taak",1,IF('Aanpassen Werkschema'!D108="openingstijd",2,IF('Aanpassen Werkschema'!D108="sluitingstijd",3,IF('Aanpassen Werkschema'!D108="vaste tijd",4,"")))) | D78: ='Aanpassen Werkschema'!E108 | E78: =IF('Aanpassen Werkschema'!F108="v","x","") | F78: =IF('Aanpassen Werkschema'!G108="v","x","") | G78: =IF('Aanpassen Werkschema'!H108="v","x","") | H78: =IF('Aanpassen Werkschema'!I108="v","x","") | I78: =IF('Aanpassen Werkschema'!J108="v","x","") | J78: =IF('Aanpassen Werkschema'!K108="v","x","") | K78: =IF('Aanpassen Werkschema'!L108="v","x","") | L78: =IF('Aanpassen Werkschema'!M108>0,'Aanpassen Werkschema'!M108,"") | M78: =IF('Aanpassen Werkschema'!N108>0,'Aanpassen Werkschema'!N108,"") | N78: =IF('Aanpassen Werkschema'!O108>0,'Aanpassen Werkschema'!O108,"") | O78: =IF('Aanpassen Werkschema'!P108>0,'Aanpassen Werkschema'!P108,"") | P78: =IF('Aanpassen Werkschema'!Q108>0,'Aanpassen Werkschema'!Q108,"") | Q78: =IF('Aanpassen Werkschema'!R108>0,'Aanpassen Werkschema'!R108,"") | R78: =IF('Aanpassen Werkschema'!S108>0,'Aanpassen Werkschema'!S108,"") | S78: =IF('Aanpassen Werkschema'!T108="x","",IF('Aanpassen Werkschema'!N108="v","x",IF(E78="","",IF(E78="x","x")))) | T78: =IF('Aanpassen Werkschema'!U108="x","",IF('Aanpassen Werkschema'!O108="v","x",IF(F78="","",IF(F78="x","x")))) | U78: =IF('Aanpassen Werkschema'!V108="x","",IF('Aanpassen Werkschema'!P108="v","x",IF(G78="","",IF(G78="x","x")))) | V78: =IF('Aanpassen Werkschema'!W108="x","",IF('Aanpassen Werkschema'!Q108="v","x",IF(H78="","",IF(H78="x","x")))) | W78: =IF('Aanpassen Werkschema'!X108="x","",IF('Aanpassen Werkschema'!R108="v","x",IF(I78="","",IF(I78="x","x")))) | X78: =IF('Aanpassen Werkschema'!Y108="x","",IF('Aanpassen Werkschema'!S108="v","x",IF(J78="","",IF(J78="x","x")))) | Y78: =IF('Aanpassen Werkschema'!Z108="x","",IF('Aanpassen Werkschema'!T108="v","x",IF(K78="","",IF(K78="x","x")))) | Z78: =Z77+0.0000000001 | AA78: =IFERROR(IF(C78="",1.1,IF(S78="",1,IF($C78=1,VLOOKUP($B78,'Werkschema - Rekening'!$B$2:$C$46,2,FALSE),IF($C78=2,Instellingen!C$16,IF($C78=3,Instellingen!D$16,IF($C78=4,L78))))+$D78)+$Z78),1.1) | AB78: =IF($B78="","",IFERROR(VLOOKUP($B78,'Werkschema - Rekening'!$B$2:$P$46,3,FALSE),"")) | AC78: =IFERROR(IF(C78="",1.1,IF(T78="",1,IF($C78=1,VLOOKUP($B78,'Werkschema - Rekening'!$B$2:$E$46,4,FALSE),IF($C78=2,Instellingen!E$16,IF($C78=3,Instellingen!F$16,IF($C78=4,M78))))+$D78)+$Z78),1.1) | AD78: =IF($B78="","",IFERROR(VLOOKUP($B78,'Werkschema - Rekening'!$B$2:$P$46,5,FALSE),"")) | AE78: =IFERROR(IF(C78="",1.1,IF(U78="",1,IF($C78=1,VLOOKUP($B78,'Werkschema - Rekening'!$B$2:$G$46,6,FALSE),IF($C78=2,Instellingen!G$16,IF($C78=3,Instellingen!H$16,IF($C78=4,N78))))+$D78)+$Z78),1.1) | AF78: =IF($B78="","",IFERROR(VLOOKUP($B78,'Werkschema - Rekening'!$B$2:$P$46,7,FALSE),"")) | AG78: =IFERROR(IF(C78="",1.1,IF(V78="",1,IF($C78=1,VLOOKUP($B78,'Werkschema - Rekening'!$B$2:$I$46,8,FALSE),IF($C78=2,Instellingen!I$16,IF($C78=3,Instellingen!J$16,IF($C78=4,O78))))+$D78)+$Z78),1.1) | AH78: =IF($B78="","",IFERROR(VLOOKUP($B78,'Werkschema - Rekening'!$B$2:$P$46,9,FALSE),"")) | AI78: =IFERROR(IF(C78="",1.1,IF(W78="",1,IF($C78=1,VLOOKUP($B78,'Werkschema - Rekening'!$B$2:$K$46,10,FALSE),IF($C78=2,Instellingen!K$16,IF($C78=3,Instellingen!L$16,IF($C78=4,P78))))+$D78)+$Z78),1.1) | AJ78: =IF($B78="","",IFERROR(VLOOKUP($B78,'Werkschema - Rekening'!$B$2:$P$46,11,FALSE),"")) | AK78: =IFERROR(IF(C78="",1.1,IF(X78="",1,IF($C78=1,VLOOKUP($B78,'Werkschema - Rekening'!$B$2:$M$46,12,FALSE),IF($C78=2,Instellingen!M$16,IF($C78=3,Instellingen!N$16,IF($C78=4,Q78))))+$D78)+$Z78),1.1) | AL78: =IF($B78="","",IFERROR(VLOOKUP($B78,'Werkschema - Rekening'!$B$2:$P$46,13,FALSE),"")) | AM78: =IFERROR(IF(C78="",1.1,IF(Y78="",1,IF($C78=1,VLOOKUP($B78,'Werkschema - Rekening'!$B$2:$O$46,14,FALSE),IF($C78=2,Instellingen!O$16,IF($C78=3,Instellingen!P$16,IF($C78=4,R78))))+$D78)+$Z78),1.1) | AN78: =IF($B78="","",IFERROR(VLOOKUP($B78,'Werkschema - Rekening'!$B$2:$P$46,15,FALSE),"")) | AO78: =A78 | AP78: =B78
... A152: ='Aanpassen Werkschema'!B182 | B152: ='Aanpassen Werkschema'!C182 | C152: =IF('Aanpassen Werkschema'!D182="geplande taak",1,IF('Aanpassen Werkschema'!D182="openingstijd",2,IF('Aanpassen Werkschema'!D182="sluitingstijd",3,IF('Aanpassen Werkschema'!D182="vaste tijd",4,"")))) | D152: ='Aanpassen Werkschema'!E182 | E152: =IF('Aanpassen Werkschema'!F182="v","x","") | F152: =IF('Aanpassen Werkschema'!G182="v","x","") | G152: =IF('Aanpassen Werkschema'!H182="v","x","") | H152: =IF('Aanpassen Werkschema'!I182="v","x","") | I152: =IF('Aanpassen Werkschema'!J182="v","x","") | J152: =IF('Aanpassen Werkschema'!K182="v","x","") | K152: =IF('Aanpassen Werkschema'!L182="v","x","") | L152: =IF('Aanpassen Werkschema'!M182>0,'Aanpassen Werkschema'!M182,"") | M152: =IF('Aanpassen Werkschema'!N182>0,'Aanpassen Werkschema'!N182,"") | N152: =IF('Aanpassen Werkschema'!O182>0,'Aanpassen Werkschema'!O182,"") | O152: =IF('Aanpassen Werkschema'!P182>0,'Aanpassen Werkschema'!P182,"") | P152: =IF('Aanpassen Werkschema'!Q182>0,'Aanpassen Werkschema'!Q182,"") | Q152: =IF('Aanpassen Werkschema'!R182>0,'Aanpassen Werkschema'!R182,"") | R152: =IF('Aanpassen Werkschema'!S182>0,'Aanpassen Werkschema'!S182,"") | S152: =IF('Aanpassen Werkschema'!T182="x","",IF('Aanpassen Werkschema'!N182="v","x",IF(E152="","",IF(E152="x","x")))) | T152: =IF('Aanpassen Werkschema'!U182="x","",IF('Aanpassen Werkschema'!O182="v","x",IF(F152="","",IF(F152="x","x")))) | U152: =IF('Aanpassen Werkschema'!V182="x","",IF('Aanpassen Werkschema'!P182="v","x",IF(G152="","",IF(G152="x","x")))) | V152: =IF('Aanpassen Werkschema'!W182="x","",IF('Aanpassen Werkschema'!Q182="v","x",IF(H152="","",IF(H152="x","x")))) | W152: =IF('Aanpassen Werkschema'!X182="x","",IF('Aanpassen Werkschema'!R182="v","x",IF(I152="","",IF(I152="x","x")))) | X152: =IF('Aanpassen Werkschema'!Y182="x","",IF('Aanpassen Werkschema'!S182="v","x",IF(J152="","",IF(J152="x","x")))) | Y152: =IF('Aanpassen Werkschema'!Z182="x","",IF('Aanpassen Werkschema'!T182="v","x",IF(K152="","",IF(K152="x","x")))) | Z152: =Z151+0.0000000001 | AA152: =IFERROR(IF(C152="",1.1,IF(S152="",1,IF($C152=1,VLOOKUP($B152,'Werkschema - Rekening'!$B$2:$C$46,2,FALSE),IF($C152=2,Instellingen!C$16,IF($C152=3,Instellingen!D$16,IF($C152=4,L152))))+$D152)+$Z152),1.1) | AB152: =IF($B152="","",IFERROR(VLOOKUP($B152,'Werkschema - Rekening'!$B$2:$P$46,3,FALSE),"")) | AC152: =IFERROR(IF(C152="",1.1,IF(T152="",1,IF($C152=1,VLOOKUP($B152,'Werkschema - Rekening'!$B$2:$E$46,4,FALSE),IF($C152=2,Instellingen!E$16,IF($C152=3,Instellingen!F$16,IF($C152=4,M152))))+$D152)+$Z152),1.1) | AD152: =IF($B152="","",IFERROR(VLOOKUP($B152,'Werkschema - Rekening'!$B$2:$P$46,5,FALSE),"")) | AE152: =IFERROR(IF(C152="",1.1,IF(U152="",1,IF($C152=1,VLOOKUP($B152,'Werkschema - Rekening'!$B$2:$G$46,6,FALSE),IF($C152=2,Instellingen!G$16,IF($C152=3,Instellingen!H$16,IF($C152=4,N152))))+$D152)+$Z152),1.1) | AF152: =IF($B152="","",IFERROR(VLOOKUP($B152,'Werkschema - Rekening'!$B$2:$P$46,7,FALSE),"")) | AG152: =IFERROR(IF(C152="",1.1,IF(V152="",1,IF($C152=1,VLOOKUP($B152,'Werkschema - Rekening'!$B$2:$I$46,8,FALSE),IF($C152=2,Instellingen!I$16,IF($C152=3,Instellingen!J$16,IF($C152=4,O152))))+$D152)+$Z152),1.1) | AH152: =IF($B152="","",IFERROR(VLOOKUP($B152,'Werkschema - Rekening'!$B$2:$P$46,9,FALSE),"")) | AI152: =IFERROR(IF(C152="",1.1,IF(W152="",1,IF($C152=1,VLOOKUP($B152,'Werkschema - Rekening'!$B$2:$K$46,10,FALSE),IF($C152=2,Instellingen!K$16,IF($C152=3,Instellingen!L$16,IF($C152=4,P152))))+$D152)+$Z152),1.1) | AJ152: =IF($B152="","",IFERROR(VLOOKUP($B152,'Werkschema - Rekening'!$B$2:$P$46,11,FALSE),"")) | AK152: =IFERROR(IF(C152="",1.1,IF(X152="",1,IF($C152=1,VLOOKUP($B152,'Werkschema - Rekening'!$B$2:$M$46,12,FALSE),IF($C152=2,Instellingen!M$16,IF($C152=3,Instellingen!N$16,IF($C152=4,Q152))))+$D152)+$Z152),1.1) | AL152: =IF($B152="","",IFERROR(VLOOKUP($B152,'Werkschema - Rekening'!$B$2:$P$46,13,FALSE),"")) | AM152: =IFERROR(IF(C152="",1.1,IF(Y152="",1,IF($C152=1,VLOOKUP($B152,'Werkschema - Rekening'!$B$2:$O$46,14,FALSE),IF($C152=2,Instellingen!O$16,IF($C152=3,Instellingen!P$16,IF($C152=4,R152))))+$D152)+$Z152),1.1) | AN152: =IF($B152="","",IFERROR(VLOOKUP($B152,'Werkschema - Rekening'!$B$2:$P$46,15,FALSE),"")) | AO152: =A152 | AP152: =B152
A153: =IF('Aanpassen Werkschema'!B11="","",'Aanpassen Werkschema'!B11) | B153: =IF('Aanpassen Werkschema'!C11="","",'Aanpassen Werkschema'!C11) | C153: =IF('Aanpassen Werkschema'!D11="geplande taak",1,IF('Aanpassen Werkschema'!D11="openingstijd",2,IF('Aanpassen Werkschema'!D11="sluitingstijd",3,IF('Aanpassen Werkschema'!D11="vaste tijd",4,"")))) | D153: ='Aanpassen Werkschema'!E11 | L153: =IF('Aanpassen Werkschema'!T11>0,'Aanpassen Werkschema'!T11,"") | M153: =IF('Aanpassen Werkschema'!U11>0,'Aanpassen Werkschema'!U11,"") | N153: =IF('Aanpassen Werkschema'!V11>0,'Aanpassen Werkschema'!V11,"") | O153: =IF('Aanpassen Werkschema'!W11>0,'Aanpassen Werkschema'!W11,"") | P153: =IF('Aanpassen Werkschema'!X11>0,'Aanpassen Werkschema'!X11,"") | Q153: =IF('Aanpassen Werkschema'!Y11>0,'Aanpassen Werkschema'!Y11,"") | R153: =IF('Aanpassen Werkschema'!Z11>0,'Aanpassen Werkschema'!Z11,"") | S153: =IF('Aanpassen Werkschema'!F11="v","x","") | T153: =IF('Aanpassen Werkschema'!G11="v","x","") | U153: =IF('Aanpassen Werkschema'!H11="v","x","") | V153: =IF('Aanpassen Werkschema'!I11="v","x","") | W153: =IF('Aanpassen Werkschema'!J11="v","x","") | X153: =IF('Aanpassen Werkschema'!K11="v","x","") | Y153: =IF('Aanpassen Werkschema'!L11="v","x","") | Z153: =Z152+0.0000000001 | AA153: =IFERROR(IF(C153="",1.1,IF(S153="",1,IF($C153=1,VLOOKUP($B153,'Werkschema - Rekening'!$B$2:$C$46,2,FALSE),IF($C153=2,Instellingen!C$16,IF($C153=3,Instellingen!D$16,IF($C153=4,L153))))+$D153)+$Z153),1.1) | AB153: =IF($B153="","",IFERROR(VLOOKUP($B153,'Werkschema - Rekening'!$B$2:$P$46,3,FALSE),"")) | AC153: =IFERROR(IF(C153="",1.1,IF(T153="",1,IF($C153=1,VLOOKUP($B153,'Werkschema - Rekening'!$B$2:$E$46,4,FALSE),IF($C153=2,Instellingen!E$16,IF($C153=3,Instellingen!F$16,IF($C153=4,M153))))+$D153)+$Z153),1.1) | AD153: =IF($B153="","",IFERROR(VLOOKUP($B153,'Werkschema - Rekening'!$B$2:$P$46,5,FALSE),"")) | AE153: =IFERROR(IF(C153="",1.1,IF(U153="",1,IF($C153=1,VLOOKUP($B153,'Werkschema - Rekening'!$B$2:$G$46,6,FALSE),IF($C153=2,Instellingen!G$16,IF($C153=3,Instellingen!H$16,IF($C153=4,N153))))+$D153)+$Z153),1.1) | AF153: =IF($B153="","",IFERROR(VLOOKUP($B153,'Werkschema - Rekening'!$B$2:$P$46,7,FALSE),"")) | AG153: =IFERROR(IF(C153="",1.1,IF(V153="",1,IF($C153=1,VLOOKUP($B153,'Werkschema - Rekening'!$B$2:$I$46,8,FALSE),IF($C153=2,Instellingen!I$16,IF($C153=3,Instellingen!J$16,IF($C153=4,O153))))+$D153)+$Z153),1.1) | AH153: =IF($B153="","",IFERROR(VLOOKUP($B153,'Werkschema - Rekening'!$B$2:$P$46,9,FALSE),"")) | AI153: =IFERROR(IF(C153="",1.1,IF(W153="",1,IF($C153=1,VLOOKUP($B153,'Werkschema - Rekening'!$B$2:$K$46,10,FALSE),IF($C153=2,Instellingen!K$16,IF($C153=3,Instellingen!L$16,IF($C153=4,P153))))+$D153)+$Z153),1.1) | AJ153: =IF($B153="","",IFERROR(VLOOKUP($B153,'Werkschema - Rekening'!$B$2:$P$46,11,FALSE),"")) | AK153: =IFERROR(IF(C153="",1.1,IF(X153="",1,IF($C153=1,VLOOKUP($B153,'Werkschema - Rekening'!$B$2:$M$46,12,FALSE),IF($C153=2,Instellingen!M$16,IF($C153=3,Instellingen!N$16,IF($C153=4,Q153))))+$D153)+$Z153),1.1) | AL153: =IF($B153="","",IFERROR(VLOOKUP($B153,'Werkschema - Rekening'!$B$2:$P$46,13,FALSE),"")) | AM153: =IFERROR(IF(C153="",1.1,IF(Y153="",1,IF($C153=1,VLOOKUP($B153,'Werkschema - Rekening'!$B$2:$O$46,14,FALSE),IF($C153=2,Instellingen!O$16,IF($C153=3,Instellingen!P$16,IF($C153=4,R153))))+$D153)+$Z153),1.1) | AN153: =IF($B153="","",IFERROR(VLOOKUP($B153,'Werkschema - Rekening'!$B$2:$P$46,15,FALSE),"")) | AO153: =A153 | AP153: =B153
A154: =IF('Aanpassen Werkschema'!B12="","",'Aanpassen Werkschema'!B12) | B154: =IF('Aanpassen Werkschema'!C12="","",'Aanpassen Werkschema'!C12) | C154: =IF('Aanpassen Werkschema'!D12="geplande taak",1,IF('Aanpassen Werkschema'!D12="openingstijd",2,IF('Aanpassen Werkschema'!D12="sluitingstijd",3,IF('Aanpassen Werkschema'!D12="vaste tijd",4,"")))) | D154: ='Aanpassen Werkschema'!E12 | L154: =IF('Aanpassen Werkschema'!T12>0,'Aanpassen Werkschema'!T12,"") | M154: =IF('Aanpassen Werkschema'!U12>0,'Aanpassen Werkschema'!U12,"") | N154: =IF('Aanpassen Werkschema'!V12>0,'Aanpassen Werkschema'!V12,"") | O154: =IF('Aanpassen Werkschema'!W12>0,'Aanpassen Werkschema'!W12,"") | P154: =IF('Aanpassen Werkschema'!X12>0,'Aanpassen Werkschema'!X12,"") | Q154: =IF('Aanpassen Werkschema'!Y12>0,'Aanpassen Werkschema'!Y12,"") | R154: =IF('Aanpassen Werkschema'!Z12>0,'Aanpassen Werkschema'!Z12,"") | S154: =IF('Aanpassen Werkschema'!F12="v","x","") | T154: =IF('Aanpassen Werkschema'!G12="v","x","") | U154: =IF('Aanpassen Werkschema'!H12="v","x","") | V154: =IF('Aanpassen Werkschema'!I12="v","x","") | W154: =IF('Aanpassen Werkschema'!J12="v","x","") | X154: =IF('Aanpassen Werkschema'!K12="v","x","") | Y154: =IF('Aanpassen Werkschema'!L12="v","x","") | Z154: =Z153+0.0000000001 | AA154: =IFERROR(IF(C154="",1.1,IF(S154="",1,IF($C154=1,VLOOKUP($B154,'Werkschema - Rekening'!$B$2:$C$46,2,FALSE),IF($C154=2,Instellingen!C$16,IF($C154=3,Instellingen!D$16,IF($C154=4,L154))))+$D154)+$Z154),1.1) | AB154: =IF($B154="","",IFERROR(VLOOKUP($B154,'Werkschema - Rekening'!$B$2:$P$46,3,FALSE),"")) | AC154: =IFERROR(IF(C154="",1.1,IF(T154="",1,IF($C154=1,VLOOKUP($B154,'Werkschema - Rekening'!$B$2:$E$46,4,FALSE),IF($C154=2,Instellingen!E$16,IF($C154=3,Instellingen!F$16,IF($C154=4,M154))))+$D154)+$Z154),1.1) | AD154: =IF($B154="","",IFERROR(VLOOKUP($B154,'Werkschema - Rekening'!$B$2:$P$46,5,FALSE),"")) | AE154: =IFERROR(IF(C154="",1.1,IF(U154="",1,IF($C154=1,VLOOKUP($B154,'Werkschema - Rekening'!$B$2:$G$46,6,FALSE),IF($C154=2,Instellingen!G$16,IF($C154=3,Instellingen!H$16,IF($C154=4,N154))))+$D154)+$Z154),1.1) | AF154: =IF($B154="","",IFERROR(VLOOKUP($B154,'Werkschema - Rekening'!$B$2:$P$46,7,FALSE),"")) | AG154: =IFERROR(IF(C154="",1.1,IF(V154="",1,IF($C154=1,VLOOKUP($B154,'Werkschema - Rekening'!$B$2:$I$46,8,FALSE),IF($C154=2,Instellingen!I$16,IF($C154=3,Instellingen!J$16,IF($C154=4,O154))))+$D154)+$Z154),1.1) | AH154: =IF($B154="","",IFERROR(VLOOKUP($B154,'Werkschema - Rekening'!$B$2:$P$46,9,FALSE),"")) | AI154: =IFERROR(IF(C154="",1.1,IF(W154="",1,IF($C154=1,VLOOKUP($B154,'Werkschema - Rekening'!$B$2:$K$46,10,FALSE),IF($C154=2,Instellingen!K$16,IF($C154=3,Instellingen!L$16,IF($C154=4,P154))))+$D154)+$Z154),1.1) | AJ154: =IF($B154="","",IFERROR(VLOOKUP($B154,'Werkschema - Rekening'!$B$2:$P$46,11,FALSE),"")) | AK154: =IFERROR(IF(C154="",1.1,IF(X154="",1,IF($C154=1,VLOOKUP($B154,'Werkschema - Rekening'!$B$2:$M$46,12,FALSE),IF($C154=2,Instellingen!M$16,IF($C154=3,Instellingen!N$16,IF($C154=4,Q154))))+$D154)+$Z154),1.1) | AL154: =IF($B154="","",IFERROR(VLOOKUP($B154,'Werkschema - Rekening'!$B$2:$P$46,13,FALSE),"")) | AM154: =IFERROR(IF(C154="",1.1,IF(Y154="",1,IF($C154=1,VLOOKUP($B154,'Werkschema - Rekening'!$B$2:$O$46,14,FALSE),IF($C154=2,Instellingen!O$16,IF($C154=3,Instellingen!P$16,IF($C154=4,R154))))+$D154)+$Z154),1.1) | AN154: =IF($B154="","",IFERROR(VLOOKUP($B154,'Werkschema - Rekening'!$B$2:$P$46,15,FALSE),"")) | AO154: =A154 | AP154: =B154
A155: =IF('Aanpassen Werkschema'!B13="","",'Aanpassen Werkschema'!B13) | B155: =IF('Aanpassen Werkschema'!C13="","",'Aanpassen Werkschema'!C13) | C155: =IF('Aanpassen Werkschema'!D13="geplande taak",1,IF('Aanpassen Werkschema'!D13="openingstijd",2,IF('Aanpassen Werkschema'!D13="sluitingstijd",3,IF('Aanpassen Werkschema'!D13="vaste tijd",4,"")))) | D155: ='Aanpassen Werkschema'!E13 | L155: =IF('Aanpassen Werkschema'!T13>0,'Aanpassen Werkschema'!T13,"") | M155: =IF('Aanpassen Werkschema'!U13>0,'Aanpassen Werkschema'!U13,"") | N155: =IF('Aanpassen Werkschema'!V13>0,'Aanpassen Werkschema'!V13,"") | O155: =IF('Aanpassen Werkschema'!W13>0,'Aanpassen Werkschema'!W13,"") | P155: =IF('Aanpassen Werkschema'!X13>0,'Aanpassen Werkschema'!X13,"") | Q155: =IF('Aanpassen Werkschema'!Y13>0,'Aanpassen Werkschema'!Y13,"") | R155: =IF('Aanpassen Werkschema'!Z13>0,'Aanpassen Werkschema'!Z13,"") | S155: =IF('Aanpassen Werkschema'!F13="v","x","") | T155: =IF('Aanpassen Werkschema'!G13="v","x","") | U155: =IF('Aanpassen Werkschema'!H13="v","x","") | V155: =IF('Aanpassen Werkschema'!I13="v","x","") | W155: =IF('Aanpassen Werkschema'!J13="v","x","") | X155: =IF('Aanpassen Werkschema'!K13="v","x","") | Y155: =IF('Aanpassen Werkschema'!L13="v","x","") | Z155: =Z154+0.0000000001 | AA155: =IFERROR(IF(C155="",1.1,IF(S155="",1,IF($C155=1,VLOOKUP($B155,'Werkschema - Rekening'!$B$2:$C$46,2,FALSE),IF($C155=2,Instellingen!C$16,IF($C155=3,Instellingen!D$16,IF($C155=4,L155))))+$D155)+$Z155),1.1) | AB155: =IF($B155="","",IFERROR(VLOOKUP($B155,'Werkschema - Rekening'!$B$2:$P$46,3,FALSE),"")) | AC155: =IFERROR(IF(C155="",1.1,IF(T155="",1,IF($C155=1,VLOOKUP($B155,'Werkschema - Rekening'!$B$2:$E$46,4,FALSE),IF($C155=2,Instellingen!E$16,IF($C155=3,Instellingen!F$16,IF($C155=4,M155))))+$D155)+$Z155),1.1) | AD155: =IF($B155="","",IFERROR(VLOOKUP($B155,'Werkschema - Rekening'!$B$2:$P$46,5,FALSE),"")) | AE155: =IFERROR(IF(C155="",1.1,IF(U155="",1,IF($C155=1,VLOOKUP($B155,'Werkschema - Rekening'!$B$2:$G$46,6,FALSE),IF($C155=2,Instellingen!G$16,IF($C155=3,Instellingen!H$16,IF($C155=4,N155))))+$D155)+$Z155),1.1) | AF155: =IF($B155="","",IFERROR(VLOOKUP($B155,'Werkschema - Rekening'!$B$2:$P$46,7,FALSE),"")) | AG155: =IFERROR(IF(C155="",1.1,IF(V155="",1,IF($C155=1,VLOOKUP($B155,'Werkschema - Rekening'!$B$2:$I$46,8,FALSE),IF($C155=2,Instellingen!I$16,IF($C155=3,Instellingen!J$16,IF($C155=4,O155))))+$D155)+$Z155),1.1) | AH155: =IF($B155="","",IFERROR(VLOOKUP($B155,'Werkschema - Rekening'!$B$2:$P$46,9,FALSE),"")) | AI155: =IFERROR(IF(C155="",1.1,IF(W155="",1,IF($C155=1,VLOOKUP($B155,'Werkschema - Rekening'!$B$2:$K$46,10,FALSE),IF($C155=2,Instellingen!K$16,IF($C155=3,Instellingen!L$16,IF($C155=4,P155))))+$D155)+$Z155),1.1) | AJ155: =IF($B155="","",IFERROR(VLOOKUP($B155,'Werkschema - Rekening'!$B$2:$P$46,11,FALSE),"")) | AK155: =IFERROR(IF(C155="",1.1,IF(X155="",1,IF($C155=1,VLOOKUP($B155,'Werkschema - Rekening'!$B$2:$M$46,12,FALSE),IF($C155=2,Instellingen!M$16,IF($C155=3,Instellingen!N$16,IF($C155=4,Q155))))+$D155)+$Z155),1.1) | AL155: =IF($B155="","",IFERROR(VLOOKUP($B155,'Werkschema - Rekening'!$B$2:$P$46,13,FALSE),"")) | AM155: =IFERROR(IF(C155="",1.1,IF(Y155="",1,IF($C155=1,VLOOKUP($B155,'Werkschema - Rekening'!$B$2:$O$46,14,FALSE),IF($C155=2,Instellingen!O$16,IF($C155=3,Instellingen!P$16,IF($C155=4,R155))))+$D155)+$Z155),1.1) | AN155: =IF($B155="","",IFERROR(VLOOKUP($B155,'Werkschema - Rekening'!$B$2:$P$46,15,FALSE),"")) | AO155: =A155 | AP155: =B155
A156: =IF('Aanpassen Werkschema'!B14="","",'Aanpassen Werkschema'!B14) | B156: =IF('Aanpassen Werkschema'!C14="","",'Aanpassen Werkschema'!C14) | C156: =IF('Aanpassen Werkschema'!D14="geplande taak",1,IF('Aanpassen Werkschema'!D14="openingstijd",2,IF('Aanpassen Werkschema'!D14="sluitingstijd",3,IF('Aanpassen Werkschema'!D14="vaste tijd",4,"")))) | D156: ='Aanpassen Werkschema'!E14 | L156: =IF('Aanpassen Werkschema'!T14>0,'Aanpassen Werkschema'!T14,"") | M156: =IF('Aanpassen Werkschema'!U14>0,'Aanpassen Werkschema'!U14,"") | N156: =IF('Aanpassen Werkschema'!V14>0,'Aanpassen Werkschema'!V14,"") | O156: =IF('Aanpassen Werkschema'!W14>0,'Aanpassen Werkschema'!W14,"") | P156: =IF('Aanpassen Werkschema'!X14>0,'Aanpassen Werkschema'!X14,"") | Q156: =IF('Aanpassen Werkschema'!Y14>0,'Aanpassen Werkschema'!Y14,"") | R156: =IF('Aanpassen Werkschema'!Z14>0,'Aanpassen Werkschema'!Z14,"") | S156: =IF('Aanpassen Werkschema'!F14="v","x","") | T156: =IF('Aanpassen Werkschema'!G14="v","x","") | U156: =IF('Aanpassen Werkschema'!H14="v","x","") | V156: =IF('Aanpassen Werkschema'!I14="v","x","") | W156: =IF('Aanpassen Werkschema'!J14="v","x","") | X156: =IF('Aanpassen Werkschema'!K14="v","x","") | Y156: =IF('Aanpassen Werkschema'!L14="v","x","") | Z156: =Z155+0.0000000001 | AA156: =IFERROR(IF(C156="",1.1,IF(S156="",1,IF($C156=1,VLOOKUP($B156,'Werkschema - Rekening'!$B$2:$C$46,2,FALSE),IF($C156=2,Instellingen!C$16,IF($C156=3,Instellingen!D$16,IF($C156=4,L156))))+$D156)+$Z156),1.1) | AB156: =IF($B156="","",IFERROR(VLOOKUP($B156,'Werkschema - Rekening'!$B$2:$P$46,3,FALSE),"")) | AC156: =IFERROR(IF(C156="",1.1,IF(T156="",1,IF($C156=1,VLOOKUP($B156,'Werkschema - Rekening'!$B$2:$E$46,4,FALSE),IF($C156=2,Instellingen!E$16,IF($C156=3,Instellingen!F$16,IF($C156=4,M156))))+$D156)+$Z156),1.1) | AD156: =IF($B156="","",IFERROR(VLOOKUP($B156,'Werkschema - Rekening'!$B$2:$P$46,5,FALSE),"")) | AE156: =IFERROR(IF(C156="",1.1,IF(U156="",1,IF($C156=1,VLOOKUP($B156,'Werkschema - Rekening'!$B$2:$G$46,6,FALSE),IF($C156=2,Instellingen!G$16,IF($C156=3,Instellingen!H$16,IF($C156=4,N156))))+$D156)+$Z156),1.1) | AF156: =IF($B156="","",IFERROR(VLOOKUP($B156,'Werkschema - Rekening'!$B$2:$P$46,7,FALSE),"")) | AG156: =IFERROR(IF(C156="",1.1,IF(V156="",1,IF($C156=1,VLOOKUP($B156,'Werkschema - Rekening'!$B$2:$I$46,8,FALSE),IF($C156=2,Instellingen!I$16,IF($C156=3,Instellingen!J$16,IF($C156=4,O156))))+$D156)+$Z156),1.1) | AH156: =IF($B156="","",IFERROR(VLOOKUP($B156,'Werkschema - Rekening'!$B$2:$P$46,9,FALSE),"")) | AI156: =IFERROR(IF(C156="",1.1,IF(W156="",1,IF($C156=1,VLOOKUP($B156,'Werkschema - Rekening'!$B$2:$K$46,10,FALSE),IF($C156=2,Instellingen!K$16,IF($C156=3,Instellingen!L$16,IF($C156=4,P156))))+$D156)+$Z156),1.1) | AJ156: =IF($B156="","",IFERROR(VLOOKUP($B156,'Werkschema - Rekening'!$B$2:$P$46,11,FALSE),"")) | AK156: =IFERROR(IF(C156="",1.1,IF(X156="",1,IF($C156=1,VLOOKUP($B156,'Werkschema - Rekening'!$B$2:$M$46,12,FALSE),IF($C156=2,Instellingen!M$16,IF($C156=3,Instellingen!N$16,IF($C156=4,Q156))))+$D156)+$Z156),1.1) | AL156: =IF($B156="","",IFERROR(VLOOKUP($B156,'Werkschema - Rekening'!$B$2:$P$46,13,FALSE),"")) | AM156: =IFERROR(IF(C156="",1.1,IF(Y156="",1,IF($C156=1,VLOOKUP($B156,'Werkschema - Rekening'!$B$2:$O$46,14,FALSE),IF($C156=2,Instellingen!O$16,IF($C156=3,Instellingen!P$16,IF($C156=4,R156))))+$D156)+$Z156),1.1) | AN156: =IF($B156="","",IFERROR(VLOOKUP($B156,'Werkschema - Rekening'!$B$2:$P$46,15,FALSE),"")) | AO156: =A156 | AP156: =B156
A157: =IF('Aanpassen Werkschema'!B15="","",'Aanpassen Werkschema'!B15) | B157: =IF('Aanpassen Werkschema'!C15="","",'Aanpassen Werkschema'!C15) | C157: =IF('Aanpassen Werkschema'!D15="geplande taak",1,IF('Aanpassen Werkschema'!D15="openingstijd",2,IF('Aanpassen Werkschema'!D15="sluitingstijd",3,IF('Aanpassen Werkschema'!D15="vaste tijd",4,"")))) | D157: ='Aanpassen Werkschema'!E15 | L157: =IF('Aanpassen Werkschema'!T15>0,'Aanpassen Werkschema'!T15,"") | M157: =IF('Aanpassen Werkschema'!U15>0,'Aanpassen Werkschema'!U15,"") | N157: =IF('Aanpassen Werkschema'!V15>0,'Aanpassen Werkschema'!V15,"") | O157: =IF('Aanpassen Werkschema'!W15>0,'Aanpassen Werkschema'!W15,"") | P157: =IF('Aanpassen Werkschema'!X15>0,'Aanpassen Werkschema'!X15,"") | Q157: =IF('Aanpassen Werkschema'!Y15>0,'Aanpassen Werkschema'!Y15,"") | R157: =IF('Aanpassen Werkschema'!Z15>0,'Aanpassen Werkschema'!Z15,"") | S157: =IF('Aanpassen Werkschema'!F15="v","x","") | T157: =IF('Aanpassen Werkschema'!G15="v","x","") | U157: =IF('Aanpassen Werkschema'!H15="v","x","") | V157: =IF('Aanpassen Werkschema'!I15="v","x","") | W157: =IF('Aanpassen Werkschema'!J15="v","x","") | X157: =IF('Aanpassen Werkschema'!K15="v","x","") | Y157: =IF('Aanpassen Werkschema'!L15="v","x","") | Z157: =Z156+0.0000000001 | AA157: =IFERROR(IF(C157="",1.1,IF(S157="",1,IF($C157=1,VLOOKUP($B157,'Werkschema - Rekening'!$B$2:$C$46,2,FALSE),IF($C157=2,Instellingen!C$16,IF($C157=3,Instellingen!D$16,IF($C157=4,L157))))+$D157)+$Z157),1.1) | AB157: =IF($B157="","",IFERROR(VLOOKUP($B157,'Werkschema - Rekening'!$B$2:$P$46,3,FALSE),"")) | AC157: =IFERROR(IF(C157="",1.1,IF(T157="",1,IF($C157=1,VLOOKUP($B157,'Werkschema - Rekening'!$B$2:$E$46,4,FALSE),IF($C157=2,Instellingen!E$16,IF($C157=3,Instellingen!F$16,IF($C157=4,M157))))+$D157)+$Z157),1.1) | AD157: =IF($B157="","",IFERROR(VLOOKUP($B157,'Werkschema - Rekening'!$B$2:$P$46,5,FALSE),"")) | AE157: =IFERROR(IF(C157="",1.1,IF(U157="",1,IF($C157=1,VLOOKUP($B157,'Werkschema - Rekening'!$B$2:$G$46,6,FALSE),IF($C157=2,Instellingen!G$16,IF($C157=3,Instellingen!H$16,IF($C157=4,N157))))+$D157)+$Z157),1.1) | AF157: =IF($B157="","",IFERROR(VLOOKUP($B157,'Werkschema - Rekening'!$B$2:$P$46,7,FALSE),"")) | AG157: =IFERROR(IF(C157="",1.1,IF(V157="",1,IF($C157=1,VLOOKUP($B157,'Werkschema - Rekening'!$B$2:$I$46,8,FALSE),IF($C157=2,Instellingen!I$16,IF($C157=3,Instellingen!J$16,IF($C157=4,O157))))+$D157)+$Z157),1.1) | AH157: =IF($B157="","",IFERROR(VLOOKUP($B157,'Werkschema - Rekening'!$B$2:$P$46,9,FALSE),"")) | AI157: =IFERROR(IF(C157="",1.1,IF(W157="",1,IF($C157=1,VLOOKUP($B157,'Werkschema - Rekening'!$B$2:$K$46,10,FALSE),IF($C157=2,Instellingen!K$16,IF($C157=3,Instellingen!L$16,IF($C157=4,P157))))+$D157)+$Z157),1.1) | AJ157: =IF($B157="","",IFERROR(VLOOKUP($B157,'Werkschema - Rekening'!$B$2:$P$46,11,FALSE),"")) | AK157: =IFERROR(IF(C157="",1.1,IF(X157="",1,IF($C157=1,VLOOKUP($B157,'Werkschema - Rekening'!$B$2:$M$46,12,FALSE),IF($C157=2,Instellingen!M$16,IF($C157=3,Instellingen!N$16,IF($C157=4,Q157))))+$D157)+$Z157),1.1) | AL157: =IF($B157="","",IFERROR(VLOOKUP($B157,'Werkschema - Rekening'!$B$2:$P$46,13,FALSE),"")) | AM157: =IFERROR(IF(C157="",1.1,IF(Y157="",1,IF($C157=1,VLOOKUP($B157,'Werkschema - Rekening'!$B$2:$O$46,14,FALSE),IF($C157=2,Instellingen!O$16,IF($C157=3,Instellingen!P$16,IF($C157=4,R157))))+$D157)+$Z157),1.1) | AN157: =IF($B157="","",IFERROR(VLOOKUP($B157,'Werkschema - Rekening'!$B$2:$P$46,15,FALSE),"")) | AO157: =A157 | AP157: =B157
A158: =IF('Aanpassen Werkschema'!B16="","",'Aanpassen Werkschema'!B16) | B158: =IF('Aanpassen Werkschema'!C16="","",'Aanpassen Werkschema'!C16) | C158: =IF('Aanpassen Werkschema'!D16="geplande taak",1,IF('Aanpassen Werkschema'!D16="openingstijd",2,IF('Aanpassen Werkschema'!D16="sluitingstijd",3,IF('Aanpassen Werkschema'!D16="vaste tijd",4,"")))) | D158: ='Aanpassen Werkschema'!E16 | L158: =IF('Aanpassen Werkschema'!T16>0,'Aanpassen Werkschema'!T16,"") | M158: =IF('Aanpassen Werkschema'!U16>0,'Aanpassen Werkschema'!U16,"") | N158: =IF('Aanpassen Werkschema'!V16>0,'Aanpassen Werkschema'!V16,"") | O158: =IF('Aanpassen Werkschema'!W16>0,'Aanpassen Werkschema'!W16,"") | P158: =IF('Aanpassen Werkschema'!X16>0,'Aanpassen Werkschema'!X16,"") | Q158: =IF('Aanpassen Werkschema'!Y16>0,'Aanpassen Werkschema'!Y16,"") | R158: =IF('Aanpassen Werkschema'!Z16>0,'Aanpassen Werkschema'!Z16,"") | S158: =IF('Aanpassen Werkschema'!F16="v","x","") | T158: =IF('Aanpassen Werkschema'!G16="v","x","") | U158: =IF('Aanpassen Werkschema'!H16="v","x","") | V158: =IF('Aanpassen Werkschema'!I16="v","x","") | W158: =IF('Aanpassen Werkschema'!J16="v","x","") | X158: =IF('Aanpassen Werkschema'!K16="v","x","") | Y158: =IF('Aanpassen Werkschema'!L16="v","x","") | Z158: =Z157+0.0000000001 | AA158: =IFERROR(IF(C158="",1.1,IF(S158="",1,IF($C158=1,VLOOKUP($B158,'Werkschema - Rekening'!$B$2:$C$46,2,FALSE),IF($C158=2,Instellingen!C$16,IF($C158=3,Instellingen!D$16,IF($C158=4,L158))))+$D158)+$Z158),1.1) | AB158: =IF($B158="","",IFERROR(VLOOKUP($B158,'Werkschema - Rekening'!$B$2:$P$46,3,FALSE),"")) | AC158: =IFERROR(IF(C158="",1.1,IF(T158="",1,IF($C158=1,VLOOKUP($B158,'Werkschema - Rekening'!$B$2:$E$46,4,FALSE),IF($C158=2,Instellingen!E$16,IF($C158=3,Instellingen!F$16,IF($C158=4,M158))))+$D158)+$Z158),1.1) | AD158: =IF($B158="","",IFERROR(VLOOKUP($B158,'Werkschema - Rekening'!$B$2:$P$46,5,FALSE),"")) | AE158: =IFERROR(IF(C158="",1.1,IF(U158="",1,IF($C158=1,VLOOKUP($B158,'Werkschema - Rekening'!$B$2:$G$46,6,FALSE),IF($C158=2,Instellingen!G$16,IF($C158=3,Instellingen!H$16,IF($C158=4,N158))))+$D158)+$Z158),1.1) | AF158: =IF($B158="","",IFERROR(VLOOKUP($B158,'Werkschema - Rekening'!$B$2:$P$46,7,FALSE),"")) | AG158: =IFERROR(IF(C158="",1.1,IF(V158="",1,IF($C158=1,VLOOKUP($B158,'Werkschema - Rekening'!$B$2:$I$46,8,FALSE),IF($C158=2,Instellingen!I$16,IF($C158=3,Instellingen!J$16,IF($C158=4,O158))))+$D158)+$Z158),1.1) | AH158: =IF($B158="","",IFERROR(VLOOKUP($B158,'Werkschema - Rekening'!$B$2:$P$46,9,FALSE),"")) | AI158: =IFERROR(IF(C158="",1.1,IF(W158="",1,IF($C158=1,VLOOKUP($B158,'Werkschema - Rekening'!$B$2:$K$46,10,FALSE),IF($C158=2,Instellingen!K$16,IF($C158=3,Instellingen!L$16,IF($C158=4,P158))))+$D158)+$Z158),1.1) | AJ158: =IF($B158="","",IFERROR(VLOOKUP($B158,'Werkschema - Rekening'!$B$2:$P$46,11,FALSE),"")) | AK158: =IFERROR(IF(C158="",1.1,IF(X158="",1,IF($C158=1,VLOOKUP($B158,'Werkschema - Rekening'!$B$2:$M$46,12,FALSE),IF($C158=2,Instellingen!M$16,IF($C158=3,Instellingen!N$16,IF($C158=4,Q158))))+$D158)+$Z158),1.1) | AL158: =IF($B158="","",IFERROR(VLOOKUP($B158,'Werkschema - Rekening'!$B$2:$P$46,13,FALSE),"")) | AM158: =IFERROR(IF(C158="",1.1,IF(Y158="",1,IF($C158=1,VLOOKUP($B158,'Werkschema - Rekening'!$B$2:$O$46,14,FALSE),IF($C158=2,Instellingen!O$16,IF($C158=3,Instellingen!P$16,IF($C158=4,R158))))+$D158)+$Z158),1.1) | AN158: =IF($B158="","",IFERROR(VLOOKUP($B158,'Werkschema - Rekening'!$B$2:$P$46,15,FALSE),"")) | AO158: =A158 | AP158: =B158
A159: =IF('Aanpassen Werkschema'!B17="","",'Aanpassen Werkschema'!B17) | B159: =IF('Aanpassen Werkschema'!C17="","",'Aanpassen Werkschema'!C17) | C159: =IF('Aanpassen Werkschema'!D17="geplande taak",1,IF('Aanpassen Werkschema'!D17="openingstijd",2,IF('Aanpassen Werkschema'!D17="sluitingstijd",3,IF('Aanpassen Werkschema'!D17="vaste tijd",4,"")))) | D159: ='Aanpassen Werkschema'!E17 | L159: =IF('Aanpassen Werkschema'!T17>0,'Aanpassen Werkschema'!T17,"") | M159: =IF('Aanpassen Werkschema'!U17>0,'Aanpassen Werkschema'!U17,"") | N159: =IF('Aanpassen Werkschema'!V17>0,'Aanpassen Werkschema'!V17,"") | O159: =IF('Aanpassen Werkschema'!W17>0,'Aanpassen Werkschema'!W17,"") | P159: =IF('Aanpassen Werkschema'!X17>0,'Aanpassen Werkschema'!X17,"") | Q159: =IF('Aanpassen Werkschema'!Y17>0,'Aanpassen Werkschema'!Y17,"") | R159: =IF('Aanpassen Werkschema'!Z17>0,'Aanpassen Werkschema'!Z17,"") | S159: =IF('Aanpassen Werkschema'!F17="v","x","") | T159: =IF('Aanpassen Werkschema'!G17="v","x","") | U159: =IF('Aanpassen Werkschema'!H17="v","x","") | V159: =IF('Aanpassen Werkschema'!I17="v","x","") | W159: =IF('Aanpassen Werkschema'!J17="v","x","") | X159: =IF('Aanpassen Werkschema'!K17="v","x","") | Y159: =IF('Aanpassen Werkschema'!L17="v","x","") | Z159: =Z158+0.0000000001 | AA159: =IFERROR(IF(C159="",1.1,IF(S159="",1,IF($C159=1,VLOOKUP($B159,'Werkschema - Rekening'!$B$2:$C$46,2,FALSE),IF($C159=2,Instellingen!C$16,IF($C159=3,Instellingen!D$16,IF($C159=4,L159))))+$D159)+$Z159),1.1) | AB159: =IF($B159="","",IFERROR(VLOOKUP($B159,'Werkschema - Rekening'!$B$2:$P$46,3,FALSE),"")) | AC159: =IFERROR(IF(C159="",1.1,IF(T159="",1,IF($C159=1,VLOOKUP($B159,'Werkschema - Rekening'!$B$2:$E$46,4,FALSE),IF($C159=2,Instellingen!E$16,IF($C159=3,Instellingen!F$16,IF($C159=4,M159))))+$D159)+$Z159),1.1) | AD159: =IF($B159="","",IFERROR(VLOOKUP($B159,'Werkschema - Rekening'!$B$2:$P$46,5,FALSE),"")) | AE159: =IFERROR(IF(C159="",1.1,IF(U159="",1,IF($C159=1,VLOOKUP($B159,'Werkschema - Rekening'!$B$2:$G$46,6,FALSE),IF($C159=2,Instellingen!G$16,IF($C159=3,Instellingen!H$16,IF($C159=4,N159))))+$D159)+$Z159),1.1) | AF159: =IF($B159="","",IFERROR(VLOOKUP($B159,'Werkschema - Rekening'!$B$2:$P$46,7,FALSE),"")) | AG159: =IFERROR(IF(C159="",1.1,IF(V159="",1,IF($C159=1,VLOOKUP($B159,'Werkschema - Rekening'!$B$2:$I$46,8,FALSE),IF($C159=2,Instellingen!I$16,IF($C159=3,Instellingen!J$16,IF($C159=4,O159))))+$D159)+$Z159),1.1) | AH159: =IF($B159="","",IFERROR(VLOOKUP($B159,'Werkschema - Rekening'!$B$2:$P$46,9,FALSE),"")) | AI159: =IFERROR(IF(C159="",1.1,IF(W159="",1,IF($C159=1,VLOOKUP($B159,'Werkschema - Rekening'!$B$2:$K$46,10,FALSE),IF($C159=2,Instellingen!K$16,IF($C159=3,Instellingen!L$16,IF($C159=4,P159))))+$D159)+$Z159),1.1) | AJ159: =IF($B159="","",IFERROR(VLOOKUP($B159,'Werkschema - Rekening'!$B$2:$P$46,11,FALSE),"")) | AK159: =IFERROR(IF(C159="",1.1,IF(X159="",1,IF($C159=1,VLOOKUP($B159,'Werkschema - Rekening'!$B$2:$M$46,12,FALSE),IF($C159=2,Instellingen!M$16,IF($C159=3,Instellingen!N$16,IF($C159=4,Q159))))+$D159)+$Z159),1.1) | AL159: =IF($B159="","",IFERROR(VLOOKUP($B159,'Werkschema - Rekening'!$B$2:$P$46,13,FALSE),"")) | AM159: =IFERROR(IF(C159="",1.1,IF(Y159="",1,IF($C159=1,VLOOKUP($B159,'Werkschema - Rekening'!$B$2:$O$46,14,FALSE),IF($C159=2,Instellingen!O$16,IF($C159=3,Instellingen!P$16,IF($C159=4,R159))))+$D159)+$Z159),1.1) | AN159: =IF($B159="","",IFERROR(VLOOKUP($B159,'Werkschema - Rekening'!$B$2:$P$46,15,FALSE),"")) | AO159: =A159 | AP159: =B159
A160: =IF('Aanpassen Werkschema'!B18="","",'Aanpassen Werkschema'!B18) | B160: =IF('Aanpassen Werkschema'!C18="","",'Aanpassen Werkschema'!C18) | C160: =IF('Aanpassen Werkschema'!D18="geplande taak",1,IF('Aanpassen Werkschema'!D18="openingstijd",2,IF('Aanpassen Werkschema'!D18="sluitingstijd",3,IF('Aanpassen Werkschema'!D18="vaste tijd",4,"")))) | D160: ='Aanpassen Werkschema'!E18 | L160: =IF('Aanpassen Werkschema'!T18>0,'Aanpassen Werkschema'!T18,"") | M160: =IF('Aanpassen Werkschema'!U18>0,'Aanpassen Werkschema'!U18,"") | N160: =IF('Aanpassen Werkschema'!V18>0,'Aanpassen Werkschema'!V18,"") | O160: =IF('Aanpassen Werkschema'!W18>0,'Aanpassen Werkschema'!W18,"") | P160: =IF('Aanpassen Werkschema'!X18>0,'Aanpassen Werkschema'!X18,"") | Q160: =IF('Aanpassen Werkschema'!Y18>0,'Aanpassen Werkschema'!Y18,"") | R160: =IF('Aanpassen Werkschema'!Z18>0,'Aanpassen Werkschema'!Z18,"") | S160: =IF('Aanpassen Werkschema'!F18="v","x","") | T160: =IF('Aanpassen Werkschema'!G18="v","x","") | U160: =IF('Aanpassen Werkschema'!H18="v","x","") | V160: =IF('Aanpassen Werkschema'!I18="v","x","") | W160: =IF('Aanpassen Werkschema'!J18="v","x","") | X160: =IF('Aanpassen Werkschema'!K18="v","x","") | Y160: =IF('Aanpassen Werkschema'!L18="v","x","") | Z160: =Z159+0.0000000001 | AA160: =IFERROR(IF(C160="",1.1,IF(S160="",1,IF($C160=1,VLOOKUP($B160,'Werkschema - Rekening'!$B$2:$C$46,2,FALSE),IF($C160=2,Instellingen!C$16,IF($C160=3,Instellingen!D$16,IF($C160=4,L160))))+$D160)+$Z160),1.1) | AB160: =IF($B160="","",IFERROR(VLOOKUP($B160,'Werkschema - Rekening'!$B$2:$P$46,3,FALSE),"")) | AC160: =IFERROR(IF(C160="",1.1,IF(T160="",1,IF($C160=1,VLOOKUP($B160,'Werkschema - Rekening'!$B$2:$E$46,4,FALSE),IF($C160=2,Instellingen!E$16,IF($C160=3,Instellingen!F$16,IF($C160=4,M160))))+$D160)+$Z160),1.1) | AD160: =IF($B160="","",IFERROR(VLOOKUP($B160,'Werkschema - Rekening'!$B$2:$P$46,5,FALSE),"")) | AE160: =IFERROR(IF(C160="",1.1,IF(U160="",1,IF($C160=1,VLOOKUP($B160,'Werkschema - Rekening'!$B$2:$G$46,6,FALSE),IF($C160=2,Instellingen!G$16,IF($C160=3,Instellingen!H$16,IF($C160=4,N160))))+$D160)+$Z160),1.1) | AF160: =IF($B160="","",IFERROR(VLOOKUP($B160,'Werkschema - Rekening'!$B$2:$P$46,7,FALSE),"")) | AG160: =IFERROR(IF(C160="",1.1,IF(V160="",1,IF($C160=1,VLOOKUP($B160,'Werkschema - Rekening'!$B$2:$I$46,8,FALSE),IF($C160=2,Instellingen!I$16,IF($C160=3,Instellingen!J$16,IF($C160=4,O160))))+$D160)+$Z160),1.1) | AH160: =IF($B160="","",IFERROR(VLOOKUP($B160,'Werkschema - Rekening'!$B$2:$P$46,9,FALSE),"")) | AI160: =IFERROR(IF(C160="",1.1,IF(W160="",1,IF($C160=1,VLOOKUP($B160,'Werkschema - Rekening'!$B$2:$K$46,10,FALSE),IF($C160=2,Instellingen!K$16,IF($C160=3,Instellingen!L$16,IF($C160=4,P160))))+$D160)+$Z160),1.1) | AJ160: =IF($B160="","",IFERROR(VLOOKUP($B160,'Werkschema - Rekening'!$B$2:$P$46,11,FALSE),"")) | AK160: =IFERROR(IF(C160="",1.1,IF(X160="",1,IF($C160=1,VLOOKUP($B160,'Werkschema - Rekening'!$B$2:$M$46,12,FALSE),IF($C160=2,Instellingen!M$16,IF($C160=3,Instellingen!N$16,IF($C160=4,Q160))))+$D160)+$Z160),1.1) | AL160: =IF($B160="","",IFERROR(VLOOKUP($B160,'Werkschema - Rekening'!$B$2:$P$46,13,FALSE),"")) | AM160: =IFERROR(IF(C160="",1.1,IF(Y160="",1,IF($C160=1,VLOOKUP($B160,'Werkschema - Rekening'!$B$2:$O$46,14,FALSE),IF($C160=2,Instellingen!O$16,IF($C160=3,Instellingen!P$16,IF($C160=4,R160))))+$D160)+$Z160),1.1) | AN160: =IF($B160="","",IFERROR(VLOOKUP($B160,'Werkschema - Rekening'!$B$2:$P$46,15,FALSE),"")) | AO160: =A160 | AP160: =B160
